mutant,score_normalized,pretrain_split
T37Q,0.6154981224632929,train
Y68S,0.5546864331579762,train
M157Y,0.6689112817449279,train
Q28F,0.5541114324690101,train
H165Q,0.682024103540323,train
M436S,0.5581109184233933,train
V123I,0.7248088942195675,train
Y347D,0.6922200706642991,train
Y347N,0.7629091437223771,train
S174N,0.7028781312538335,train
A274P,0.5190265613704658,train
S59N,0.5285683162212236,train
A115V,0.7394900884364805,train
K91I,0.7057870562934895,train
V167A,0.6793110396990968,train
G371A,0.7690855713263365,train
A244R,0.5285482909000487,train
A77G,0.7668343043838527,train
C26H,0.7469673075219294,train
F443I,0.6532703690679315,train
E14C,0.6210944794979605,train
N323T,0.7478309807004122,train
D159V,0.4406239972693116,train
R333I,0.5737168291550219,train
T340C,0.5941835829739082,train
L196D,0.697297435771481,train
R259C,0.6679992540532557,train
I381P,0.5592628545467425,train
V93S,0.5797644761498182,train
A307D,0.5458351423430995,train
V153H,0.6602322468221739,train
G318V,0.625278119322668,train
E337W,0.5647831351320668,train
V84W,0.6656120747758026,train
K412R,0.68985915873338,train
A335G,0.6712999791620328,train
D364E,0.763603074765556,train
P202C,0.6644655545273974,train
I95D,0.5291304939259678,train
K172E,0.724313998345858,train
T192F,0.7075710398511402,train
E219T,0.7311408781794795,train
K273Y,0.5649539011289962,train
I400L,0.7364237852732897,train
D193Q,0.7210500651750151,train
V288Q,0.6700512634011582,train
P94F,0.7241977476846585,train
R175P,0.4825880322249749,train
E79S,0.7090108081913615,train
G358H,0.6949046923356761,train
K239H,0.6362424981272534,train
V357R,0.7037264182634728,train
K370W,0.6817007397944834,train
L240T,0.5047356137774488,train
T413E,0.5955031923259657,train
L66R,0.7490975752036051,train
P224A,0.6852277736281029,train
K440A,0.654391278653466,train
T283D,0.4873450486822769,train
K5N,0.653638775664185,train
P15R,0.6511530585316563,train
V167C,0.6199067576455162,train
G318R,0.6098378340964967,train
A380C,0.6802267109259335,train
L320C,0.539269943888208,train
S162L,0.5664691598460441,train
V93M,0.6134110688033344,train
G145Y,0.4194938376059201,train
D420F,0.6200244805491222,train
F360E,0.6859214434100395,train
R83W,0.6346844137497947,train
T283S,0.6825668631797531,train
V189Q,0.6570688674546419,train
V65N,0.6156911592158589,train
V156S,0.7308559127751592,train
G326R,0.636962018649959,train
P207A,0.7153932791210901,train
P404T,0.6101321131110531,train
W76K,0.6959281444166779,train
A428F,0.6713732311655122,train
G423V,0.5445467007511496,train
E261M,0.5358299947816862,train
G152N,0.6636792287988966,train
I309R,0.7148014023680872,train
L64A,0.478586046636002,train
F40W,0.512000145028234,train
G437I,0.7062767092895642,train
Q282I,0.7520198739944265,train
A63G,0.6185083321316273,train
E169H,0.6609574091754925,train
D168V,0.7318147909625983,train
T113R,0.6417456131428401,train
G150V,0.5750802597846574,train
S61I,0.5420069590303598,train
S254W,0.6129023013698759,train
L246Q,0.7550653327471419,train
G92Q,0.5130592839827257,train
S284G,0.7146640213212687,train
L151F,0.7315663350516258,train
E238F,0.5968211493771931,train
T385L,0.7462254950602432,train
P182Q,0.7085235700965004,train
P224V,0.6560674601736076,train
E399C,0.5492442626230172,train
L387Q,0.5658708292342423,train
V288F,0.7105557235899799,train
T233P,0.6611688683762057,train
F110A,0.5692118521243821,train
L232P,0.5136281556241673,train
S174L,0.6126635368387738,train
G108C,0.5958443147751744,train
P298N,0.6191029909638059,train
E14W,0.5592087240417615,train
F303R,0.5685037917907692,train
K273P,0.4929568836802784,train
M407I,0.7899646024468568,train
M436R,0.5335068315697378,train
M436L,0.7132814550709055,train
P355L,0.6520393978881966,train
K91M,0.7241870359737198,train
P161R,0.7293360643335827,train
A265S,0.6759716832320166,train
F350A,0.7083533760498584,train
C442S,0.7221136949984304,train
K243F,0.6119950328694843,train
R11H,0.7045226648580705,train
T314Q,0.718848536724194,train
N293L,0.6938217715470105,train
R310T,0.7653136650974343,train
R292H,0.5189462764967854,train
G397F,0.3782952839682822,train
D290N,0.736279392539614,train
P300D,0.6395955107900854,train
D410M,0.5831342095321643,train
S254K,0.731624416250259,train
I416C,0.6291515502581468,train
R269K,0.6917701929271023,train
L379P,0.542061499079991,train
E337G,0.7293158554234267,train
T192V,0.7475381986421638,train
R292E,0.4455572873929775,train
T271M,0.7098602320404611,train
Y347H,0.7489323733650275,train
R73L,0.53224573061375,train
A307N,0.5701123984436177,train
G305F,0.4664623104765602,train
S329G,0.7189513324314095,train
K223M,0.6409230356516765,train
F414W,0.6269853273806242,train
W170A,0.4372856434805131,train
V167N,0.5680177187798268,train
F303V,0.6584367042198251,train
P207L,0.7709099621126272,train
D247T,0.6870806383592588,train
R206M,0.7260508313103688,train
P300G,0.5993140194188721,train
H401A,0.6347940093104274,train
R275Q,0.6223239607825021,train
G150W,0.4697839717903032,train
G421Y,0.5468785773785881,train
G276C,0.6261551521300869,train
V156M,0.6983524510350115,train
V311E,0.6289237022103087,train
L74E,0.5045148833331876,train
D410N,0.6563670067797001,train
S284L,0.730753237106893,train
L70I,0.7055888154994192,train
R141V,0.5804769849856668,train
L387C,0.5580018524463601,train
Q236F,0.5502061982731039,train
S122N,0.7513247708062141,train
K194H,0.7074343225490998,train
D130I,0.7102241971955937,train
D290R,0.5463099599372743,train
W268G,0.5244493562067987,train
K316H,0.7153904829196849,train
S33T,0.7495562440285533,train
G423E,0.6299142494969965,train
Y390P,0.542164887920838,train
P69F,0.5028115447660648,train
K338Q,0.7012449166163959,train
D31V,0.7747898080707745,train
I136R,0.6734581100021555,train
E280H,0.6586086282395588,train
F394P,0.4226207251328908,train
G160F,0.506952803780585,train
Q214N,0.7729467159223076,train
T111C,0.6747392786460059,train
F350T,0.7043742967168415,train
H155W,0.3855281814253921,train
V135D,0.543100259657575,train
L348E,0.5963514016633439,train
R310M,0.7374937489165547,train
A244W,0.5255802925751499,train
H419E,0.7572254406993694,train
D106I,0.584189676707033,train
Q282D,0.7359753126979101,train
V153P,0.6024556364310228,train
K234E,0.6661080121639245,train
E19D,0.7314469351332882,train
F96N,0.5939137354160742,train
H8I,0.6540207607839291,train
R333N,0.6757773189898946,train
K331G,0.6689618181425472,train
I95L,0.7771647504365223,train
V344M,0.6554545271766896,train
A244F,0.613150527794622,train
V227N,0.6951418186881771,train
N242A,0.8174661823955345,train
D364C,0.7279373281306487,train
E219W,0.7033755302926898,train
T7G,0.6725100282590311,train
G81S,0.7517448718228911,train
G108L,0.6197093006351732,train
P112K,0.6179143229219972,train
L387G,0.545419511012002,train
H435N,0.6528485239559334,train
A279I,0.6992305994985466,train
G367T,0.7497187838269042,train
Y68D,0.5887294367884863,train
S44M,0.5897525640582137,train
F96K,0.5953544287623158,train
D27Y,0.5116849368698264,train
T343V,0.711048356376441,train
L295M,0.7275804788138144,train
L246G,0.7686576042279285,train
H34R,0.5958878677303953,train
A77Q,0.7155778849027524,train
A380P,0.6121716595915813,train
T283Q,0.4962479562453158,train
A274L,0.5662264552129619,train
K316T,0.8196561376794284,train
A13R,0.6453658466288525,train
Q220L,0.7923140118219953,train
K316W,0.6494386693200912,train
S322P,0.6525902566261413,train
L139V,0.7468382162237214,train
L205H,0.678692337771502,train
F414H,0.6147285174543062,train
D342W,0.5653479254492351,train
G367Y,0.7469036868788458,train
E334C,0.5558905650408896,train
L56K,0.4696898894985778,train
D48M,0.6296485256301237,train
E169V,0.69659203041698,train
G403R,0.6015445690509443,train
Y390N,0.6623521346652997,train
Q281C,0.6009976998427823,train
S122G,0.7016405932374651,train
I132N,0.689735419760084,train
E45S,0.7663973237725817,train
G50L,0.70809399306395,train
V344L,0.709186884146515,train
D445F,0.6188573206625667,train
T111G,0.6450743073267841,train
E105Y,0.6207287137585896,train
D342C,0.571281634297883,train
C88M,0.4927225394069533,train
T252E,0.7634721970053391,train
L190N,0.5413762037800408,train
I325L,0.8042877557838365,train
I429M,0.7073876485811993,train
G81A,0.7149511262433309,train
S82V,0.7016866670106194,train
V344Y,0.583257581327498,train
S59P,0.5186585219521744,train
F409C,0.6563413255056829,train
E99M,0.6397992874980487,train
D356E,0.718588567665769,train
V344N,0.5258444206301095,train
I400R,0.6276388052979179,train
R175L,0.6144682306457214,train
F394C,0.5132639998189389,train
S197C,0.6758187394884883,train
H401R,0.6719572206534401,train
A49K,0.7084807373749747,train
G256N,0.7692920241967559,train
S424A,0.636295640076182,train
F229E,0.597314989614261,train
E337V,0.6841886953003592,train
P224F,0.6053069145305974,train
M157C,0.6554096537930275,train
V339F,0.6581168639702007,train
I382Q,0.6623772298668003,train
P69R,0.4839772076786596,train
A71W,0.4719015153433621,train
E105H,0.6488497017463282,train
F443H,0.4784710352004254,train
F394S,0.4883421910500568,train
F110G,0.5119291949481336,train
G276D,0.6639361898224767,train
L295Q,0.5843540594563101,train
L235W,0.6534923705128315,train
R333V,0.5721295611906747,train
I29H,0.7044901272417187,train
T126M,0.6158199963139392,train
E105T,0.6571915613829683,train
R55E,0.6606592253645294,train
D364K,0.7378734603573784,train
F439D,0.3339748703173114,train
G411N,0.580964512586229,train
S148H,0.528820807559224,train
A392M,0.6671098996007556,train
D106R,0.6106859445782695,train
D106Q,0.6773462280561265,train
I267S,0.5972834546761909,train
A115E,0.8078635748586396,train
P195N,0.6979445092577784,train
D249Q,0.7180502918341477,train
R259N,0.6690400199874029,train
A63H,0.5496518442834026,train
L363I,0.7377447574204766,train
V336R,0.6593738059296538,train
F394L,0.6168491396533567,train
F142C,0.4769316557157002,train
P121H,0.6135345818209613,train
R259Q,0.641034834280083,train
A328P,0.6174915598650935,train
K239F,0.5954809639370171,train
K294A,0.6263063729616384,train
E399P,0.7496390073534792,train
P112M,0.5640670533722004,train
V339G,0.6007266660176855,train
Q138S,0.444372432353085,train
I20Q,0.7442323330419144,train
A177H,0.74091868609331,train
C144V,0.4482204291535598,train
G145V,0.4337118156400439,train
K243I,0.6663489091516538,train
L240D,0.3926660080347241,train
P179F,0.7370424660175405,train
M157N,0.669411406374043,train
I416V,0.7531649537754411,train
D124K,0.6027526975247551,train
G403H,0.5279866922067067,train
G80Q,0.689636557093734,train
S59V,0.5478775697584088,train
R269A,0.585795119980514,train
E251C,0.6568852643512612,train
P15A,0.7009539068979269,train
I20A,0.7325658040566861,train
L139P,0.5346575955480534,train
A25G,0.7986406293347659,train
G391W,0.552542565769466,train
D124M,0.4953719543606372,train
K222M,0.6766314737858161,train
N245A,0.6692265110866795,train
F360P,0.6893281911554315,train
N376K,0.7076205029593312,train
G437C,0.6413175471888268,train
S272K,0.6478076295059688,train
D364Y,0.7609280279656576,train
E312C,0.74486844767826,train
G391F,0.5740595050494556,train
P209D,0.6866525724052457,train
T327P,0.7063596138367834,train
E101H,0.7072283427733626,train
R241N,0.5643858626990845,train
N245G,0.6303132165974971,train
D356C,0.6019010141189645,train
V311W,0.645103024880105,train
R275M,0.5994200914832896,train
F443L,0.7043229906577243,train
T314I,0.7358218534930114,train
G405F,0.6124449529733691,train
K5V,0.6316122498614365,train
E312Q,0.7542128090687068,train
S203P,0.7227654782482058,train
M436G,0.5198767901866366,train
G371N,0.7346460719854566,train
L379M,0.6455424309842615,train
K5R,0.6827844584891054,train
G160S,0.589227245371993,train
Q236E,0.7073545390145601,train
T3S,0.7565671400407631,train
V167H,0.5589846889958395,train
D106M,0.5892946084058462,train
D51R,0.7121623813751824,train
C442T,0.7279610605370199,train
I381W,0.5638419732813088,train
P17H,0.616226038651329,train
N242M,0.7084631057716696,train
L66Q,0.7560414400543507,train
T226K,0.6781130368637079,train
C144S,0.5624659879898083,train
A163K,0.607978656728835,train
A313R,0.6367906242138248,train
M157G,0.6441615382180725,train
G160W,0.4991949830596754,train
G423C,0.5668827858205782,train
N242R,0.7445838282685581,train
F200A,0.6458309693125995,train
L351R,0.5966601135962646,train
L218W,0.6750752676648569,train
F40T,0.5249109553943305,train
N245D,0.6190921733361473,train
A386T,0.7490584283839319,train
A386C,0.718778306877789,train
M436W,0.5322277247713679,train
P300R,0.5661460432392176,train
P300F,0.5160755238429795,train
L431K,0.5111937092451825,train
N426V,0.7570883491582518,train
M407Y,0.7405890026498501,train
A118R,0.822076002856641,train
A428I,0.6813871768757914,train
V135C,0.6622569014118848,train
P114E,0.6663161879463209,train
T385M,0.7296138838898674,train
L60N,0.4292221894726744,train
F40C,0.6117029428004724,train
M407K,0.6934737574498941,train
G326P,0.6951836557925357,train
A392E,0.5471618692987341,train
I32F,0.7476440376897975,train
S198Y,0.7227363158446614,train
A46Y,0.694045382926053,train
D18P,0.748517010356287,train
P12I,0.5145769999676751,train
D364W,0.7312675757598179,train
V189H,0.660319282121469,train
A262P,0.511228139240263,train
I136H,0.6799669325176042,train
T7V,0.6684185218584029,train
R255Y,0.6328384830332346,train
C144M,0.4083800950429387,train
G150E,0.4963635043256066,train
N293R,0.7507051438725987,train
I382P,0.6502970042958912,train
K398Q,0.6489609778522498,train
K301Q,0.7430167127254497,train
I212P,0.7519801057966633,train
A25L,0.7419418980964134,train
E312K,0.7330256873933557,train
P36W,0.4978421864687173,train
R221C,0.6945089874701482,train
Y257Q,0.5076062110867322,train
G358N,0.7586787098908199,train
G395R,0.5450509208267673,train
F291E,0.6667599225137638,train
A46P,0.7315646862813528,train
C26G,0.732527921176537,train
K441T,0.655232850543064,train
V339D,0.5671927546319083,train
L60Y,0.5276900265353952,train
F439G,0.41796617957153,train
A115L,0.7304406133164507,train
H401D,0.611584626763235,train
T35Y,0.6755732598373448,train
G145N,0.5494974600724836,train
W268E,0.4634260876618196,train
D27G,0.544478476261308,train
V135Y,0.6556565809726761,train
G92M,0.4903418704772165,train
V288R,0.675461800142442,train
I429E,0.5106785020751543,train
N323V,0.6688677782175096,train
L60C,0.5226147515181527,train
D159P,0.32697894386818,train
D193H,0.7268649637083994,train
L205W,0.6612523166292537,train
K412L,0.7046884139330342,train
I447D,0.658791722942684,train
Q282Y,0.6860431134767403,train
Q281N,0.69876292422185,train
K62I,0.6020243859142982,train
A171Y,0.5368704359045592,train
L218G,0.7482391484333144,train
S383M,0.5080454971519396,train
A52P,0.7058454340589383,train
G423T,0.5599402696427326,train
P161Y,0.7319316806546745,train
S272N,0.6629995612073302,train
P182H,0.6841276166585532,train
Q282L,0.7595264390724011,train
K42P,0.7170205412388695,train
E101G,0.6993955753814551,train
W76V,0.7102088039656357,train
S162M,0.5941511442131616,train
I173S,0.7087435238181491,train
S100E,0.568453813221208,train
L185P,0.6206976730985456,train
K294T,0.6217983596516949,train
T314R,0.7349901601028224,train
S203F,0.7143923731791966,train
H435A,0.591984794235575,train
L308G,0.6835607150681016,train
A289R,0.5457430512857081,train
D193S,0.7747329025477322,train
G421A,0.6324154375317446,train
N217E,0.7750512952688513,train
P195W,0.6339076840761164,train
L86V,0.7057274993218925,train
G152K,0.623596571355385,train
L47V,0.7376086509048542,train
A228M,0.688856791140752,train
I429L,0.7373804904026923,train
L235P,0.7847153556866293,train
V344F,0.6795135665897655,train
L351A,0.6556748198318421,train
P183Q,0.5938698717718083,train
S44F,0.6487490949846572,train
L351N,0.5991437476999688,train
S254P,0.7308067321115546,train
A313D,0.6105655102066343,train
F409N,0.6499301723282067,train
T233N,0.666502375417667,train
K294G,0.6250020721061629,train
D201I,0.6555410117090413,train
P369D,0.7343555000560966,train
G375W,0.5661945954636174,train
C270N,0.6123515767931097,train
N245W,0.5776110903787468,train
A428P,0.6859550543158195,train
F184V,0.6866354350799666,train
K5M,0.6004684269323521,train
Y41S,0.5138315722152831,train
F414S,0.6696433922350717,train
W268P,0.3960358543949047,train
T35N,0.6721003353253623,train
A163R,0.6339840782756194,train
G375V,0.606236609131148,train
P208K,0.6762603980882212,train
D31M,0.775697761499288,train
K222T,0.7280531551249686,train
K91R,0.744512270932597,train
D168G,0.7515146088738393,train
N366P,0.7591271683439702,train
F443Q,0.4592837836023298,train
S102P,0.6122105522111267,train
I325G,0.6049986686312441,train
V65Q,0.5565938520609928,train
P121S,0.6498884552627975,train
M407N,0.7294549170155342,train
S383K,0.5005591904119235,train
I332F,0.5876281571017056,train
L363S,0.7039495071200303,train
H34F,0.6841261408855892,train
L151H,0.557789086939435,train
G146Q,0.4608155088387639,train
S33W,0.6829250099764061,train
K370M,0.7182596750671509,train
R361I,0.7100136418175571,train
R310E,0.7071030362326121,train
G81N,0.7433398999434228,train
H155E,0.4401510438094069,train
L363M,0.7228039260175277,train
N378G,0.6109849262951893,train
S362C,0.6657945834064111,train
T283A,0.6167746590159265,train
V181Y,0.6361722188530456,train
K250I,0.7448870395931589,train
S122I,0.7090286939947944,train
E434Q,0.6750689762116951,train
A438T,0.7113733688925536,train
K316M,0.7401460448050197,train
L348P,0.57426502585274,train
N217F,0.7598675685827244,train
Q214S,0.7900070185626175,train
T16Q,0.5200402549910079,train
L21I,0.7309506235060893,train
E399F,0.5469283723591681,train
T111I,0.7016425668190125,train
P297E,0.5822267574427915,train
I132M,0.7416569679976664,train
R241E,0.5191358815476268,train
A71L,0.5265845666687361,train
D341Y,0.5955882928798442,train
M436Q,0.538106695859174,train
W76T,0.685262316601018,train
V181R,0.6715148488811266,train
T271R,0.6259997369964275,train
H165N,0.687399320586079,train
Y125F,0.6917599119441578,train
R345T,0.6420504132182393,train
E178Q,0.6865329288784522,train
E399Y,0.5491602212363378,train
S61H,0.5753147876469636,train
D356L,0.6585675466744688,train
L321T,0.7004271830498888,train
S174D,0.5975542625456185,train
S424K,0.5691179251771792,train
V336C,0.586321596689539,train
V248P,0.7592697604934076,train
S424P,0.4882559324733742,train
L151T,0.6366895019907838,train
A438D,0.6892445310689438,train
R241D,0.4408783386193529,train
E434N,0.6525639751573781,train
V156Q,0.6691475183969818,train
S424W,0.477858525870387,train
A307C,0.628304061154464,train
P207C,0.6775886220001637,train
F142Y,0.6046031191102388,train
G375I,0.5748207638209146,train
E399S,0.6630980284512593,train
G213A,0.7646322251660882,train
A25F,0.7161385938956475,train
A163G,0.7306785199221216,train
P114H,0.6540598864202584,train
L185Q,0.6612652949579981,train
E99G,0.5992566690456063,train
Q281I,0.6081305836718525,train
K273F,0.5718408887011581,train
D410L,0.6092840591181975,train
A177M,0.7643237674332952,train
E169N,0.7209866846098298,train
S61L,0.5661365813455735,train
N293T,0.7479372504760403,train
N231S,0.7219687656200406,train
R73W,0.5151086736570896,train
T314V,0.7460452318640965,train
K222F,0.6819253750351515,train
H43Y,0.7297939281914596,train
V339M,0.7192669289511234,train
I267V,0.7578088299925513,train
L190C,0.5632452102369615,train
D342Q,0.7165651805461394,train
M1I,0.4953541885961535,train
H165E,0.6338878211605787,train
S61E,0.6351912534989511,train
I132V,0.7526369801101084,train
V123D,0.5200888495820958,train
S424M,0.5270355176953612,train
H165I,0.6323046627649636,train
V339E,0.6317484587632215,train
T252D,0.7589036063927304,train
A49D,0.7455764515229557,train
F110V,0.605950704598578,train
G50H,0.7417117340029669,train
P36K,0.5856889914271792,train
F304R,0.5670831378879315,train
F425E,0.5854479390949274,train
P207I,0.7680541543079985,train
A262T,0.6754845651761047,train
F229S,0.6920577921271907,train
N24C,0.7712568075952675,train
S254Y,0.6765870593746068,train
A262R,0.4654570054602338,train
F439A,0.5082868742954657,train
A289V,0.8115322546523321,train
I447H,0.6221665826589674,train
Q214A,0.7688564028500569,train
A171C,0.6363103342557888,train
G403A,0.6610260573322139,train
S203R,0.6929389556866854,train
I400P,0.5934223100802198,train
E191C,0.6956102177291263,train
L205A,0.6735671406736154,train
A25I,0.7207706709901612,train
Q28M,0.6078216034165747,train
H286Q,0.7401505356739433,train
R310F,0.7576680031217788,train
Y39T,0.5902956767533769,train
V263H,0.4998110794359608,train
I53L,0.7190153873330447,train
K440V,0.6579729443312073,train
I237Y,0.5445120306781707,train
P224L,0.6490229815000764,train
D106W,0.5419754240922896,train
Y125I,0.6265388954673813,train
A177Y,0.7434822802594203,train
K412H,0.5871825019110752,train
F304I,0.7061456161653501,train
V344I,0.7318119806389638,train
Y68K,0.5127176107665736,train
K62F,0.5589615426619851,train
P297L,0.6153042807436556,train
L56V,0.6718694015704179,train
A328I,0.6758675600352452,train
E85F,0.7231899571559719,train
V156L,0.7125204293162303,train
K239C,0.5932062117271752,train
M1H,0.4455781318034529,train
I173F,0.7095464361049854,train
V2F,0.6509709735679273,train
G80D,0.7833914037490559,train
F350H,0.7371208090846896,train
G90K,0.6599790352504781,train
S59C,0.5899847617526823,train
A328E,0.5954190520836812,train
V336A,0.6715108664124585,train
F350Y,0.7761082629305852,train
W268Q,0.5143006561843543,train
H155I,0.4347648255470112,train
D393S,0.5901105908159177,train
A118W,0.6979951021443149,train
F67C,0.5870067225227374,train
L21A,0.6842834625202067,train
S59H,0.4878755361044285,train
G80P,0.7352807037877237,train
G305C,0.5028062912967581,train
I180G,0.7093800903658329,train
D445S,0.7026206830133419,train
F184Q,0.60715694069366,train
E45L,0.7011114262437548,train
P114Y,0.6056390834864175,train
L23Q,0.6135297237740756,train
A71C,0.5684751377874802,train
H266N,0.5755853978051808,train
G397A,0.565331868474499,train
G405N,0.6305903794701184,train
K294L,0.6857843659911513,train
N293A,0.7549349845705244,train
S254M,0.7009615893906767,train
M407A,0.7465576357716047,train
C88K,0.4949102139508121,train
K222D,0.728570699523949,train
G146E,0.4905157151201375,train
K42S,0.6857798186333105,train
E261H,0.5637752598700042,train
I225N,0.6739089268676021,train
N323L,0.6760357981531264,train
P195C,0.6486975841532149,train
C270Y,0.6048820472615251,train
L389E,0.606991809466229,train
A386L,0.6923874755706506,train
A262F,0.5304145011379114,train
P161I,0.7483287751616896,train
V137C,0.6197897549756054,train
E337L,0.6570750600521984,train
E312V,0.7737741514603569,train
G80T,0.7218837003717357,train
F291R,0.6876899278210123,train
L164V,0.7007562027485709,train
L354Y,0.7421803095717825,train
T7Q,0.6743418226240424,train
L351I,0.7092087312352721,train
Y39I,0.6708585112123956,train
R141Y,0.6002207371523202,train
A262Y,0.4696768405586867,train
P417N,0.6940243549265965,train
R241G,0.5142547306946078,train
P182W,0.5793309237097145,train
E399I,0.5637770110264398,train
V123A,0.645126199458418,train
H266E,0.5372729335623896,train
K352N,0.7241037218818503,train
G395C,0.498562617875214,train
E337T,0.6975079205383711,train
T413P,0.6535351326232104,train
S317L,0.6798698280688044,train
G276A,0.6659171361124443,train
H266G,0.4699494843179259,train
S406N,0.719044666244981,train
Q432N,0.6133239770151221,train
L235T,0.8096058060453079,train
A438Y,0.6667027980961671,train
P179A,0.7334296325796914,train
S100I,0.6435391150830521,train
K223F,0.6181561943435495,train
H34W,0.5938972971411465,train
F96S,0.6488142761340806,train
H419G,0.7538784158617688,train
E434P,0.6453726182378111,train
Q282T,0.7889402606654079,train
T127P,0.6999812524757868,train
S203C,0.6596685792222364,train
F287D,0.5532833331861826,train
A265T,0.6278280149263384,train
R333K,0.6661007674602837,train
F22M,0.6905940089360119,train
R55Q,0.7044745716061234,train
D364A,0.7917982185794504,train
F291C,0.7760611193985599,train
S406P,0.6722672530148023,train
H401V,0.6579812835076204,train
K91D,0.7483691506153136,train
D193K,0.7348692385142754,train
E101Y,0.6752863173209198,train
P112A,0.6660450340822749,train
D58S,0.7335500528290975,train
Q220F,0.7846307423496625,train
S174A,0.7896034052486708,train
D249Y,0.6737120135630879,train
I381E,0.5419361360503233,train
I415S,0.6248169014353278,train
K331C,0.6661528784864721,train
S418L,0.569075727955973,train
T113P,0.6486551397929956,train
S319N,0.774972832162753,train
S154V,0.5934305857066009,train
K330Q,0.719295011004125,train
G397T,0.4694246740319606,train
G371E,0.7277666962948979,train
K330W,0.6781556153851058,train
R368T,0.766947374012898,train
G72W,0.4250711861199238,train
E101C,0.671212294240189,train
P182L,0.7353852435902601,train
A244L,0.6341573862738263,train
D445I,0.6278820183312557,train
T271Y,0.6401628501696458,train
D445M,0.629877348111785,train
N231W,0.6118155534570648,train
R361W,0.6563240469581106,train
T340S,0.7217657091457725,train
F229N,0.629809420188759,train
L211I,0.7346113807291337,train
P179T,0.7376681090208459,train
K338I,0.6380986392156114,train
D48P,0.7295843225333446,train
I53C,0.7275426224128452,train
P121A,0.6169745168052538,train
P195K,0.7210735716257171,train
T126Y,0.6161633077086924,train
L379C,0.5589092480468156,train
F425C,0.6515475206410041,train
P17L,0.6258083949113799,train
L308E,0.6317883540610486,train
D48C,0.6467647946652262,train
V153S,0.6769355112608322,train
R275W,0.5420827671573459,train
H87R,0.7635673808309514,train
D58G,0.6831321265916036,train
R73D,0.4950728737881122,train
P388N,0.5813657392434207,train
C144L,0.4713888501746115,train
L64Y,0.4917039594950667,train
E19G,0.7668409983205501,train
V65S,0.6608929765042231,train
F260V,0.5958330028694896,train
N306T,0.5957948163614101,train
S174E,0.6150703883816688,train
Q236T,0.5818612882702363,train
E433V,0.6792027998724788,train
L134A,0.6043760054183251,train
D201L,0.6633820970940177,train
Q117Y,0.7035136739398916,train
K273D,0.5843271142427688,train
G437Q,0.7648004421006255,train
I120W,0.5566505104450219,train
Y125W,0.6115905580995491,train
N217D,0.770808271469856,train
I416T,0.6815317673206774,train
L308S,0.7042129643690973,train
I132Y,0.7699083783037264,train
C270R,0.6649476309474424,train
A335T,0.6857573642886927,train
I120L,0.7208050621491112,train
P182D,0.7214536008167005,train
P15K,0.6872359263928542,train
M402H,0.6488840540691474,train
F443P,0.5031193811207678,train
H277L,0.8793586035439722,train
F409A,0.641827402033943,train
A279C,0.6582503190372685,train
N89F,0.5914512705341197,train
G408Q,0.656711546808404,train
P300K,0.5825529950622976,train
P202M,0.6823810711308279,train
S198M,0.7372051752826433,train
Q214W,0.7001407348114901,train
F110N,0.5504157580339737,train
L139F,0.6782505308883611,train
R206T,0.7609755986951198,train
Q282H,0.7080617873199873,train
A98L,0.5730423797271889,train
E337P,0.6069793395377401,train
I427K,0.504164736779444,train
N89Q,0.582348039148186,train
L164P,0.587382599778301,train
L387I,0.6443582114446884,train
I132E,0.6685420207538004,train
Y41P,0.4506108141770684,train
A46E,0.7516769721443237,train
N217V,0.7658633587514602,train
P128C,0.6600225882056989,train
F229K,0.6460005914089542,train
V189K,0.6538069431709197,train
P377A,0.6939392684949475,train
V104N,0.5850687854821619,train
I447E,0.6571644467026752,train
L134R,0.5645468984800128,train
A49T,0.7365112371783497,train
D106S,0.6505079762796928,train
V123F,0.6540476706918972,train
R83M,0.6572090729473243,train
K441L,0.5978977575293528,train
G305P,0.477247626474491,train
L56T,0.5913537424184403,train
G367D,0.7249319129591684,train
L351Q,0.6161208986540464,train
I429A,0.6650428995064306,train
V189T,0.6977542475232736,train
S102Y,0.6834685180939902,train
I29W,0.6455347484915118,train
V104W,0.6159161122066867,train
F229M,0.6988195931975513,train
E312I,0.7503082456786934,train
I120Q,0.5864262565310246,train
D247H,0.6739580369200601,train
N245L,0.6919640346467395,train
E219G,0.7306586181704534,train
F200W,0.6448396453032993,train
P298L,0.6441562070765046,train
H155V,0.4347532735634279,train
E19F,0.6590777404530885,train
K338W,0.5659778192435656,train
H155G,0.4413864281858041,train
N365G,0.7690255518517293,train
R83P,0.7119557449157818,train
L246N,0.749321257193794,train
I116N,0.6736342777517996,train
A6F,0.6897171314731154,train
S198E,0.6974005562899708,train
G160N,0.5225494503297801,train
I132Q,0.6875087678633038,train
V153K,0.6035339816173889,train
I332D,0.4460942427961575,train
E99C,0.6019406410944345,train
D410S,0.6394570352704946,train
R275P,0.4957568133540478,train
K440M,0.6426160791136254,train
I382N,0.7042175329102821,train
V288I,0.7220441006523447,train
V123Q,0.5492124169959021,train
K441E,0.6880157347125241,train
A228W,0.6137859998695335,train
L151Y,0.6330267182278321,train
L21K,0.775332175818341,train
A274E,0.5573691624506244,train
L235F,0.7139042171394296,train
Y39D,0.5079214192451399,train
E219C,0.6708355272841784,train
D168P,0.6101544686000656,train
W384T,0.5816572926677185,train
S272E,0.5792386490633419,train
G408H,0.648405388167483,train
Y68F,0.6582328639618298,train
S44D,0.7301786283097904,train
T3K,0.7572251511936683,train
D342F,0.6005450823930975,train
A335L,0.5723844533076595,train
E433W,0.6087823810438573,train
K57C,0.5548101862535015,train
R141F,0.5936901381592611,train
E85S,0.7397220178085919,train
P12R,0.5413502471225519,train
V263N,0.4865415220784652,train
F96E,0.6151066542665609,train
L21W,0.6905603415413145,train
T113C,0.6711358223684248,train
D342H,0.6666968526376237,train
F260T,0.554158883159523,train
E434G,0.6426738319704268,train
C26A,0.7695858371777446,train
K5S,0.6649847441660937,train
F200L,0.7007358596772363,train
V344G,0.5662515645366917,train
R175M,0.5889542909237088,train
S33Y,0.7423835143294585,train
S254G,0.7218958454889502,train
P179Q,0.7001996103855224,train
R368C,0.7009086875196464,train
S329R,0.6019782909577999,train
N231D,0.7284896273359841,train
I382L,0.7511128385108187,train
E238D,0.7179095496967512,train
D31L,0.7941547102525925,train
V357H,0.683900615944474,train
G160A,0.6648201495833768,train
I400Y,0.6242222990920663,train
M157P,0.6020279447160867,train
Q236D,0.6621743852259719,train
A438K,0.7279862581246829,train
L21E,0.7006311715912921,train
K316C,0.73052009322306,train
A346K,0.6811622803738809,train
D247I,0.6724670966819002,train
I309W,0.7401451833490312,train
P15C,0.5683416262314951,train
S61P,0.5270788870616009,train
T140H,0.4913631336126738,train
E178V,0.6903241048892607,train
L185K,0.6481737765455313,train
E434S,0.6677238352759552,train
F260P,0.5125724060047122,train
L348S,0.6761114862411635,train
S329A,0.8207976304141958,train
P15H,0.643823028381288,train
H43T,0.7725758732414963,train
T327C,0.6885142141019235,train
M402L,0.7268985816752941,train
E215Y,0.7254238325730489,train
G176V,0.5505708059896707,train
N293D,0.7258680049296007,train
D249V,0.7361158853685548,train
K239Q,0.6802640783447124,train
A428C,0.6650142878698296,train
V288N,0.7014772202275843,train
K440R,0.7145710829301182,train
F439Y,0.6045326350637059,train
G367P,0.7701399510895476,train
A177R,0.7157915259878954,train
I447Y,0.6461448005536485,train
H34E,0.5699445557481574,train
P209Q,0.6952875883392113,train
L151G,0.5575960925535569,train
D349S,0.6918008099202666,train
G81K,0.7601068344529673,train
K250R,0.7187865189541381,train
E191A,0.7549094303965711,train
G146M,0.4703444830719878,train
G408M,0.6923306618420989,train
I325A,0.6676592613823926,train
K301P,0.7679017436786268,train
Y39R,0.5767516821135185,train
E45H,0.7087799097419903,train
P207F,0.7914369613617898,train
K223D,0.7138780309957142,train
L134Y,0.5814826995466436,train
E79A,0.7040329694953077,train
K239Y,0.6025365991717107,train
V156G,0.689320671068319,train
W396G,0.5817032464019236,train
R359D,0.740450491824686,train
T413H,0.5937704230329415,train
I237Q,0.5490678053676721,train
Y41D,0.4453414714845194,train
Y68I,0.4918858538086998,train
L23G,0.5786134014824575,train
T111R,0.644836474862817,train
P121Q,0.6146836934984466,train
M157L,0.7917122424473543,train
E105C,0.5969489837969917,train
S319E,0.8851475312976382,train
E97S,0.6021542115684309,train
L431S,0.5576285171920741,train
F291W,0.6762016778587114,train
H155C,0.4668786902858116,train
R175I,0.5469091943717526,train
V181I,0.7318631490063451,train
Y390F,0.6549894962874332,train
A77S,0.7743981562850613,train
D342T,0.6758329746956421,train
A171G,0.7261738782944283,train
L354K,0.8085706042695123,train
R361K,0.7470835087553263,train
I53T,0.7200867067103244,train
T252G,0.7954576977407414,train
V204W,0.6690454782290349,train
E399L,0.6002464819763693,train
I416F,0.7220147052320165,train
K338V,0.6583800246524519,train
L185F,0.7314522380303976,train
N365Y,0.7562222257729821,train
Q281W,0.5380537092547679,train
R292N,0.5046152358947308,train
S143L,0.7281857593277199,train
P112Y,0.588079560039669,train
P224T,0.6952973220857697,train
N323M,0.6818960996537724,train
I136K,0.6640138691448477,train
W430A,0.8398984257243983,train
D109A,0.6268983909369343,train
W430R,0.7792950816682299,train
I429S,0.614864274444753,train
K273A,0.6419953224016646,train
N378T,0.654853435669056,train
E131I,0.6314037351455364,train
K370A,0.7363504485364343,train
S254T,0.7477803525083024,train
D372S,0.7442117075259934,train
I416R,0.6353153737724387,train
N323K,0.7625120972450639,train
I429C,0.6011219472163338,train
A380F,0.6745497300840817,train
T192M,0.6973014253012637,train
T343F,0.7710134745229806,train
D31H,0.7784434194457832,train
R221L,0.7593727680340627,train
G160T,0.5328161415781875,train
L295Y,0.6187031341628582,train
K222N,0.7243318700270616,train
Q236M,0.5705194434592891,train
A6G,0.7210766149661354,train
E433Q,0.7046547359466648,train
S362K,0.7457236192746926,train
T199M,0.7278007026230988,train
P298T,0.644303445439388,train
F200I,0.6753732890701829,train
D247S,0.7153140428229365,train
S272H,0.599414936869588,train
L232N,0.4854044284181306,train
H87C,0.7011375382457663,train
V65M,0.5832216120094217,train
L54C,0.7037713763805109,train
A289H,0.5394785150930254,train
E399Q,0.6632643459459531,train
L196M,0.688070677245691,train
K188I,0.681472023229542,train
T271L,0.719072656503492,train
S418C,0.669285612616381,train
A13T,0.6790152496060032,train
A98V,0.6627066167434444,train
T210Y,0.7087510297830323,train
S324N,0.7066966267172601,train
H286C,0.7616105411864319,train
S174I,0.6175435720356766,train
G395M,0.4617415599041503,train
K370P,0.7252398481694765,train
Y374T,0.6795952848697218,train
L185A,0.6736121340962269,train
I129W,0.5377607718519969,train
F291G,0.8021409933383158,train
N75A,0.8403078220912513,train
T192K,0.7227509252908922,train
E251M,0.6655117151531448,train
E280V,0.638287968882981,train
F373Q,0.6465951725688717,train
L134M,0.6676215338467659,train
G375Q,0.6293985621711714,train
D249G,0.7754742736897522,train
S362Q,0.7294125997553788,train
A289C,0.6320100730613623,train
P417R,0.6646389755034389,train
T340R,0.6246436075593501,train
S102F,0.6998994847680278,train
I447F,0.7171335579095548,train
D422T,0.624032877630206,train
K243V,0.6439156207778203,train
A335M,0.5869246864926214,train
G437L,0.7222463380373123,train
N217W,0.696755918888231,train
F373K,0.6620097835821404,train
G108A,0.6650592812924411,train
T37C,0.6500965463118179,train
N231G,0.6625413231103763,train
K440E,0.6867192787554355,train
N376P,0.6417686253155159,train
S329V,0.7601828332300494,train
F414E,0.550008035151295,train
T126A,0.6854384137395155,train
D186E,0.6519503219267648,train
Y125G,0.5764564992762856,train
F184E,0.5831895263044081,train
D356R,0.6588497370607278,train
A71I,0.5412592152323594,train
I116V,0.7553086516971995,train
V263F,0.6658776362370381,train
C88E,0.5166445649511728,train
V10H,0.5551137012060328,train
D109K,0.6309687704825008,train
D446G,0.7980663983072975,train
R255V,0.6569542796859448,train
T271G,0.7007712923505985,train
F409V,0.6663589994845024,train
E169I,0.6859574550948038,train
V227M,0.7206430625260317,train
S362W,0.6916005143418305,train
S33R,0.7317875421211266,train
W384I,0.5814764292768257,train
L363Y,0.6879567108550839,train
P417Q,0.7099303489090316,train
G326E,0.7157942657003834,train
P195F,0.6874563814536437,train
Q117F,0.6584344093575607,train
V339R,0.6080572610572265,train
P121Y,0.5574991999381969,train
P369A,0.746618566130003,train
T126Q,0.6352871575582587,train
N293K,0.7620353872721602,train
L320H,0.5217951114506876,train
I427A,0.694439943891006,train
S102L,0.7089718590828987,train
G411P,0.5045845906571078,train
T127M,0.7222644215519557,train
K301V,0.6933354584581698,train
L431N,0.5253544640061044,train
Y347F,0.7734869194382309,train
L54D,0.7715462003184794,train
G152T,0.7528238525095765,train
L47F,0.747173933389658,train
E19W,0.6077804936070261,train
H165V,0.6263334029085555,train
L70W,0.6188423793439468,train
N366V,0.7900676594153146,train
S148E,0.5049371944787531,train
K301H,0.6943898805880689,train
G72K,0.4478454557206727,train
T16C,0.5463219214655077,train
N378C,0.5751568305120269,train
N217T,0.753874489882018,train
L308P,0.6881413731256636,train
L387S,0.5936352874205848,train
I332P,0.4467690594019528,train
D109E,0.6865924964417212,train
Y257T,0.5391683485704847,train
I309L,0.7760349120715005,train
E433H,0.6806107578911582,train
P224W,0.5575381631688889,train
P36Q,0.619698723085413,train
E334S,0.6697878132132059,train
L285Y,0.5831882976704573,train
Q138R,0.5461515650132286,train
K239E,0.681874323176162,train
V137A,0.7252282538192053,train
P128Q,0.7137620769013305,train
P297M,0.5534266879360032,train
T271D,0.590275256009781,train
S143W,0.5822075229664586,train
V339A,0.6650375118759453,train
T271E,0.6306572482259455,train
Q117I,0.6404938681637764,train
R255H,0.660097817321283,train
S154N,0.6530723048017277,train
L134H,0.5938627682904607,train
M1W,0.3861588801867937,train
N242P,0.6154171456003759,train
T16P,0.5214228212413712,train
I447R,0.6096364228619443,train
I132L,0.789071043100577,train
E14F,0.6166495925530745,train
L164H,0.6888414897052845,train
D48K,0.7004545483997524,train
H165F,0.6308225065534404,train
H87V,0.7430568763456339,train
K103Y,0.6591501310005795,train
L389T,0.6902231733163153,train
D446R,0.6421378015732674,train
S254H,0.6835166113459372,train
E191L,0.7412925721145396,train
T7I,0.6565847856780336,train
R241W,0.521541066667462,train
S61K,0.5844522795612261,train
R187Q,0.5632146497327144,train
I132F,0.7760439785427236,train
I429H,0.5499110436803298,train
H155P,0.452687657465229,train
I429D,0.4760555126087283,train
D186R,0.5481433218697402,train
D216Q,0.7360737305140366,train
S406Q,0.6911154440091698,train
G411E,0.5912039338098208,train
R359G,0.741790387759161,train
K330I,0.7012175759804337,train
Q28I,0.5886411728552404,train
V189I,0.765799272074809,train
S59T,0.590533692806325,train
L211F,0.7899267301583797,train
K250Y,0.6989353672335112,train
G152M,0.6605590069641647,train
E19I,0.6481408929345612,train
G256D,0.7052887816764152,train
P183N,0.5695120201085646,train
L196C,0.6687558454279245,train
P12G,0.5253541250726007,train
T192G,0.8071990533580181,train
E215I,0.7427013351002902,train
C88P,0.5295500512368161,train
G150P,0.4700263657343403,train
A77I,0.7259255106473891,train
F229P,0.5872555279588856,train
H165A,0.6563981251120052,train
N376Q,0.6947259896458692,train
Q28A,0.5887556617683323,train
A307M,0.6117315544370734,train
G408Y,0.6830536564243906,train
K222W,0.6153582982708021,train
A335I,0.6014793525959476,train
A346I,0.6410024590693685,train
S383W,0.4943257231237433,train
F291Y,0.6941013634430748,train
T226I,0.6607647960898061,train
L299E,0.5156391610792412,train
T210Q,0.7184864003977582,train
L379E,0.4583025428647635,train
F22D,0.7372747413842704,train
L240G,0.4196651120031051,train
H43Q,0.7409003554396536,train
D364M,0.7856016950431696,train
T413A,0.8015698974457565,train
T16I,0.58245501503528,train
D393F,0.4814247559514823,train
S197V,0.742728788714087,train
A380L,0.6929853825155727,train
R368M,0.7588367305757886,train
P369Y,0.7690007532170445,train
D159Q,0.4213493290717294,train
A177C,0.7074011564935433,train
H266Q,0.6099591299241205,train
S406C,0.6667311131659523,train
L299W,0.5046965799356102,train
D420W,0.5688482047194091,train
F96R,0.6078954203092268,train
I309N,0.7207671263106021,train
L70N,0.5827412585013536,train
F40I,0.625827375187585,train
S102D,0.6558943851921845,train
D130V,0.7254697086349927,train
I173A,0.7183681690938968,train
G152F,0.6421072834357082,train
G397I,0.3781141522550324,train
A6I,0.6758982052728681,train
F4I,0.7997045380722102,train
Q138C,0.3453196807964158,train
R275Y,0.5518969539339031,train
L232D,0.4329040241229778,train
T271K,0.6225899953384197,train
D341F,0.5688649254389232,train
G375C,0.5736599306930943,train
K91G,0.714452823381798,train
R275S,0.5950122189014496,train
K42V,0.6360311307210308,train
P114M,0.599007242231368,train
L299P,0.5446189218318888,train
H286D,0.6891651217734811,train
T340F,0.5339365568856959,train
T271S,0.7336825334623421,train
A52E,0.6559936574031847,train
L47Y,0.7144599868826202,train
E261R,0.505314286246038,train
K243S,0.6666933926914405,train
S317I,0.7098837173078192,train
H165M,0.6685113472717189,train
R368F,0.7706930905675274,train
I120E,0.5852554248648463,train
R255G,0.6587181037612423,train
H8M,0.6498026485974531,train
S383L,0.5074821049354739,train
D168I,0.7206878017485154,train
D216V,0.7537963657094234,train
Y444K,0.5476001809301184,train
L320M,0.6497142434419141,train
D372E,0.7202403600958761,train
R206H,0.7316494055350395,train
P297F,0.5485941881629894,train
S329D,0.6349699652266317,train
G397N,0.4845476327653263,train
T113Q,0.6434208484736172,train
P179C,0.6726872481147594,train
K441N,0.6927307092931424,train
I129E,0.5483179997241912,train
I38T,0.627881905353421,train
V147S,0.6117716192016524,train
G326C,0.6461241820988424,train
L354G,0.7679783603032416,train
L246F,0.6900855945582863,train
K294C,0.6489596927293818,train
A313I,0.6931378390421896,train
K412S,0.66046885065219,train
E85D,0.6893033995818615,train
T113F,0.6221353725321717,train
E434R,0.6204286446300122,train
Q214F,0.7692653261222276,train
S100L,0.643682088532681,train
I381A,0.6883440765441987,train
S154M,0.5798915479692336,train
I447M,0.6953907053271439,train
F439N,0.3785121166772514,train
I129Q,0.5413338794587708,train
N253H,0.6834286298572778,train
T126S,0.7557522115020546,train
R275T,0.5824498462993491,train
I38D,0.4653129022322592,train
T113Y,0.6241849457955166,train
K57D,0.4908728662996236,train
K188W,0.7060717321921087,train
D168F,0.7031505208129448,train
S33K,0.705235590299684,train
V104S,0.6391051799270032,train
G81E,0.7568038780319578,train
F409H,0.6847238924859889,train
A171V,0.6292088865091834,train
S148G,0.6316054853135925,train
L47H,0.6884174203421687,train
L230N,0.5336862968599279,train
S143P,0.699904314570455,train
L66P,0.8023148980007115,train
S148P,0.5342389138154229,train
H286N,0.7558097931268255,train
D422M,0.556475564268214,train
A78Q,0.739182117920599,train
V137W,0.5505065780907263,train
K273R,0.7383978681598081,train
I381C,0.6217554845634814,train
D201R,0.6387904942910804,train
V10D,0.5263956677293606,train
V153Q,0.6490337991277351,train
G305L,0.4763711726784742,train
T127N,0.716835109306792,train
K441P,0.5324326383187915,train
D31I,0.7701199045850288,train
S154W,0.5072619958693027,train
T127W,0.6487639233254425,train
V156D,0.6227334489438456,train
A163Y,0.6813369582283318,train
L354R,0.7758909182908033,train
Q220E,0.7740471270919851,train
K222C,0.6542625404109909,train
G397R,0.5243997448151998,train
E434C,0.5387718246156563,train
S198R,0.7051202046250302,train
G391N,0.721422157673121,train
S258L,0.5223141598670905,train
E251Q,0.706668152772395,train
M436Y,0.5454100632405874,train
P388D,0.5905738564265092,train
I180C,0.6937330698246558,train
A77C,0.6834154396950936,train
A49Y,0.6904915168567267,train
G90A,0.765939237489593,train
P417W,0.548128408795579,train
K441W,0.5507281417465174,train
I53K,0.6266244620548271,train
S44V,0.6708057999914612,train
W268K,0.4732611753377694,train
K294W,0.6296618146479133,train
N217H,0.7314842601853792,train
G80K,0.7194023187636079,train
P179V,0.773614972752584,train
N365F,0.7902344288213468,train
E215S,0.7513626254419045,train
A25Y,0.7442691567548645,train
P369T,0.7382854128477382,train
T16G,0.5119656867886948,train
Q432A,0.6252491263858754,train
S198D,0.6868265653315746,train
E434A,0.6756485101362729,train
L60W,0.5159718808020048,train
D249C,0.6734214910615305,train
P179G,0.677522699433701,train
N378D,0.62912824857977,train
L134P,0.6702630474131457,train
A328N,0.5854118285545579,train
Q138V,0.4037727459719631,train
H8W,0.6178715890560769,train
Y125T,0.6004891018760756,train
S284D,0.6960031052099049,train
C270I,0.6258382351819316,train
N366F,0.7940392751501363,train
D342N,0.6893578760814608,train
L246Y,0.6762210111906496,train
C26N,0.7335543248034665,train
G411C,0.5422082431648483,train
L320I,0.690982610320192,train
V227D,0.6639490622345012,train
A392N,0.6794297511587551,train
P208V,0.6842743960489837,train
Q117V,0.6540745382331772,train
F229Q,0.6257328409845213,train
I95Y,0.7542267335868156,train
A98D,0.4356775734723787,train
P417L,0.6598508054082585,train
E334H,0.5999259497375083,train
N24S,0.9376017276584584,train
Q236I,0.5102427183228182,train
C26Q,0.7221849134008879,train
P298F,0.5677473204550494,train
D445P,0.6259772685295805,train
E169Y,0.6472950278872501,train
A63Q,0.5540307380506794,train
K30Q,0.7728641150030188,train
H277M,0.7892202056172052,train
E19M,0.6346673682190063,train
V336K,0.7195496347987526,train
P183W,0.4673074129234881,train
K331N,0.6855455802767053,train
T314H,0.7169454462844639,train
T199W,0.6796516819925086,train
C26L,0.8840560241935466,train
R73P,0.4682337746779194,train
P121C,0.5506075520303596,train
L321I,0.7315120809771383,train
I332A,0.5813809912510857,train
P388E,0.5891153831935545,train
Q281P,0.6356414772307662,train
I32Y,0.7483227590919995,train
H286G,0.7885121735280508,train
A392C,0.658153624133119,train
S406G,0.7800828619863506,train
P417K,0.6860404514365136,train
P161M,0.7330168539389165,train
D356H,0.6820544380889009,train
S284Q,0.7477945171043097,train
D27Q,0.4997988495853703,train
T113K,0.658667546180279,train
L230S,0.5758118336300871,train
S198L,0.804540504852522,train
V10G,0.5363505966433143,train
G353D,0.7650595355808327,train
D349T,0.6719091627070665,train
L196G,0.6853815788276199,train
K398N,0.6522231775194438,train
M436V,0.7038039563635506,train
R368S,0.774708464029895,train
F110R,0.544619373743227,train
L74Q,0.5197787113040138,train
L299I,0.6898928120058481,train
K234R,0.7162621845855357,train
L232M,0.6814642701256457,train
I116M,0.72470894414156,train
K412N,0.6520993679350011,train
C88Y,0.6114400010127756,train
I136W,0.6238610665883069,train
R275V,0.5775491220364936,train
V153M,0.7604174811313048,train
F107G,0.4935958863125199,train
E434I,0.5929358275246273,train
A158N,0.6274132732956881,train
L56Q,0.5197681478764828,train
L379W,0.5187787586125994,train
K223Q,0.7087312551314279,train
A77P,0.7467102264594002,train
C144D,0.5855340140826288,train
G405I,0.6326711769824884,train
L185D,0.6357959532361759,train
L56P,0.536114826024828,train
E45V,0.6964180869184537,train
I237H,0.5144463411020126,train
L74C,0.5303806219097743,train
L295T,0.6672947313380871,train
V336P,0.5269792688559822,train
G375K,0.655666501838773,train
T233A,0.5988847318920227,train
I129M,0.6645461359678936,train
P112N,0.6252167582362754,train
I212T,0.7470260559958979,train
K331V,0.7168406628734718,train
F414Q,0.592942450850178,train
Y257I,0.6156622086457543,train
L56D,0.4152949034068597,train
P404M,0.5638955106526584,train
L190Y,0.6025563985372163,train
G160I,0.5267019647610678,train
K330H,0.6737365438754156,train
P36L,0.6113469072771026,train
P300I,0.524077899209012,train
I132A,0.7184710636567174,train
I149K,0.443464966141483,train
N217C,0.6898571816212753,train
E99V,0.7278002312936953,train
P69M,0.4570457774331769,train
A262H,0.4772421752939738,train
F350I,0.6879089777199846,train
D106P,0.5248309670874658,train
I129T,0.6184418587982211,train
S174V,0.6708146122625565,train
R310A,0.7604045028025603,train
P183T,0.6215828261878232,train
S406A,0.7455876222063473,train
K352D,0.750792736999952,train
I29N,0.7048400619620225,train
Y68E,0.5373677360878104,train
A46W,0.6218579130927346,train
A386R,0.8626682327006824,train
W170D,0.3213527041962727,train
E261W,0.4369659444531819,train
V263S,0.5413137270375321,train
T302W,0.641726505766571,train
E99Q,0.6673189015335672,train
V2R,0.5691995799071036,train
T35F,0.704549998432918,train
G408K,0.6594493669176269,train
A264L,0.6594888879763772,train
T192L,0.7273687106893348,train
P369K,0.7434417424001591,train
E14N,0.6840104586441199,train
P161G,0.6905653196271496,train
K103C,0.6740228720748652,train
K223Y,0.6273660485608442,train
D130W,0.6641865204593913,train
Y390H,0.7047445815695945,train
V344R,0.5151742008011313,train
F96Q,0.6094887749544106,train
G160D,0.5372721568397771,train
F394H,0.4960657794870963,train
R269D,0.5379974462931597,train
F229H,0.6695624577388426,train
E191N,0.7784621949496633,train
A386P,0.6881834150023473,train
L119N,0.5185005506950083,train
K172I,0.6176841164618627,train
L431G,0.5343266269817253,train
L23R,0.6033164286747245,train
G213M,0.7333983024139464,train
G405C,0.6134724863786443,train
H43R,0.7818268019627663,train
A307Q,0.5285308923135273,train
L54F,0.7055935111406679,train
L54W,0.6384639036158414,train
Y444S,0.5839984334775905,train
S324C,0.626102575070331,train
S254C,0.6765172955617693,train
V204C,0.6896047326499628,train
I309P,0.7100493851799643,train
L321D,0.6405296115261837,train
E97N,0.5387225097908732,train
H34D,0.5735371661536213,train
V339T,0.7047819066216855,train
L185R,0.6641089611759695,train
R269F,0.5194924537157107,train
L295D,0.5439038709947627,train
I180M,0.7027025213322474,train
K352E,0.7994970330957065,train
Q432K,0.6773719516968317,train
Y68V,0.5141466673958562,train
F142M,0.5477792084311996,train
F394W,0.5650543949128326,train
R221H,0.7384477902404519,train
S143V,0.7165791792059522,train
L431F,0.6342545613337727,train
R359M,0.7296245602952327,train
H401I,0.6513735912647071,train
V357N,0.708121213660963,train
D186F,0.5363247388414306,train
N378Q,0.5769577819282049,train
L240H,0.4492991132734296,train
P183G,0.5507367986730902,train
F67W,0.623050238791937,train
V204G,0.7305853591058593,train
A428L,0.7231483530683971,train
C144K,0.5185293600428198,train
N366A,0.7720557585967798,train
L60D,0.3443411797713374,train
V153T,0.6981347568700539,train
V204I,0.7496975439940079,train
A428S,0.6986692161692016,train
F360M,0.7489017493107485,train
Q281S,0.6829040878936696,train
Q117M,0.6659342451932647,train
V263Q,0.5136375327844354,train
W170N,0.3780042248220107,train
F360T,0.7038752736216133,train
A438M,0.7141503146381057,train
V248N,0.7654772993685575,train
V263A,0.6202218951927772,train
A6H,0.7479591258092559,train
A328W,0.5046437910424145,train
S324R,0.6664861207317204,train
L285I,0.6931224458122316,train
P182C,0.6578247809623035,train
K172G,0.676535414381986,train
A244K,0.535382489579015,train
A262N,0.5349672254258798,train
V104L,0.808810703351285,train
K296V,0.7108218570015028,train
D109Y,0.6138862394532423,train
S162E,0.5140058405250838,train
K352F,0.6568886325029539,train
L70P,0.5771505927251018,train
R83G,0.6870068850166385,train
K42N,0.6801572224965676,train
D168S,0.7981921143926983,train
V204K,0.7544890751797664,train
K273I,0.6769581633166604,train
D109M,0.5466363811457615,train
V104I,0.7755198637765524,train
L235A,0.8171073718541034,train
P15S,0.6961107095362037,train
N89Y,0.5888512692608242,train
T140A,0.559241205169196,train
M1A,0.4890037327602918,train
E169L,0.6985297415018865,train
A264M,0.6432116911962832,train
L363G,0.7062954565489856,train
W396A,0.55704330613131,train
R83N,0.6676843071560904,train
I416A,0.6906681718232823,train
K338F,0.6145331505339025,train
I9F,0.690059976834301,train
G421V,0.5815252074568947,train
F67Q,0.5780109754241531,train
L235R,0.7277162799362278,train
F350L,0.7144363992290996,train
L320E,0.5887786951243521,train
L74H,0.5335149518515964,train
A118G,0.738718089709624,train
V156R,0.6916757928852172,train
F287N,0.6275605399030302,train
A262E,0.509742763160455,train
A438N,0.7002667721776078,train
G276P,0.5973418500944264,train
R259A,0.7241789439363198,train
G371V,0.7864703674908314,train
A177P,0.6274650877550608,train
L86N,0.4512147371916806,train
T127F,0.7004812641270672,train
R359Q,0.7287607035277688,train
D159R,0.4281263327219523,train
S258N,0.5689582874969534,train
E238N,0.6887826918035135,train
N242W,0.6386386238369802,train
R55P,0.6217737022393034,train
K222I,0.7082384105115269,train
E251H,0.68630236230147,train
K188M,0.6707759314764508,train
A264E,0.5604400977050319,train
K250G,0.7792779796485242,train
D445T,0.6672825367930699,train
L60A,0.5205657290217511,train
P183C,0.546734050483734,train
K370D,0.717978685070384,train
D31E,0.757988344710544,train
P355A,0.6659000623371972,train
D422Q,0.6289872098755578,train
D48Q,0.695196129251582,train
T233G,0.6038113704456793,train
G421W,0.5379318061712834,train
R175V,0.5468263816190239,train
K223G,0.6742943295668415,train
H286K,0.7375779597699859,train
N242G,0.7333683067988722,train
F304S,0.6642007768498892,train
L431T,0.5816782641782577,train
V167Y,0.6229781448112618,train
T199I,0.7711254708625976,train
G395A,0.575978814869559,train
S319A,0.7531807212444762,train
D315R,0.708720285689804,train
V248Q,0.7377751484579719,train
R269T,0.6053486739626945,train
F425V,0.7814105351313495,train
P133A,0.6460867511300314,train
D290H,0.5818263781193589,train
V10N,0.561991721162577,train
R73E,0.5355156057125792,train
T16E,0.5207671685007622,train
F184T,0.6544782574638438,train
S44T,0.7127226278650672,train
S203M,0.6969234650168756,train
I212C,0.6710093154381822,train
A274G,0.6355258373559849,train
D290M,0.5020868484463137,train
I237A,0.6120796109008778,train
A346C,0.6931247971634132,train
P300Y,0.5276361219860833,train
E215G,0.737465899880337,train
E219K,0.7349807335147517,train
A49C,0.6722879773863284,train
H401E,0.603750856693046,train
L320S,0.5710415422772249,train
R55L,0.7118650378368637,train
M1K,0.4874908748222283,train
C442L,0.884562447336938,train
D186K,0.570449792624286,train
N89K,0.6188993766614798,train
S383E,0.5252679088626062,train
K250P,0.7831977032517119,train
T35G,0.6416324305359602,train
G421Q,0.5865432309564768,train
I38Q,0.5174859532517898,train
S284H,0.7359350502221207,train
G358K,0.7575886008874309,train
H435M,0.5598452835283307,train
I237R,0.5490575808736449,train
P404S,0.6423090900926817,train
N293H,0.6998521046886614,train
P114L,0.6674038396818084,train
F394A,0.4754667568684051,train
I132H,0.7291592469613899,train
F184C,0.6499937294212584,train
S324E,0.7785937576380022,train
F166A,0.4955692136597697,train
H286V,0.8099888432711362,train
T413R,0.6148359593749677,train
S317V,0.7699092680041735,train
T233V,0.5331117480822999,train
R11L,0.713943279225727,train
R241A,0.5196206976801596,train
R259K,0.7061918417524696,train
E434M,0.5743078726964949,train
F22L,0.7496928977805618,train
K103I,0.7161246834997679,train
F394D,0.3593416987765045,train
G72L,0.4232036342702758,train
N75K,0.7963689416486863,train
F439S,0.448304371684634,train
L56G,0.4512699268638606,train
G397Y,0.398953902394701,train
N306K,0.5396935542788709,train
S162G,0.6591838690064233,train
K296Y,0.6828771991690455,train
S254R,0.7042114391683308,train
I180V,0.7730756095093051,train
N217P,0.7607225212846026,train
S319L,0.7294105379098982,train
A52S,0.6941365101412933,train
Y374V,0.6904191051258918,train
I382V,0.7697477061702029,train
S44E,0.7068997714554615,train
R275F,0.5571316406757024,train
D410T,0.6075396389859848,train
K316Y,0.717527359804682,train
H277K,0.760147612390127,train
T302C,0.668172470256972,train
E433N,0.6862498629139754,train
P15Y,0.5956024715980808,train
R269C,0.571386308261598,train
E312L,0.752496400378349,train
D445W,0.5804646280350124,train
A274C,0.5880802379066763,train
A6T,0.7561942849422739,train
D124C,0.5188992494731519,train
T343A,0.7489336231823223,train
G318D,0.6399442733653558,train
T35M,0.7121595357459746,train
F373W,0.6600423875712046,train
V288E,0.6479040207821879,train
D186W,0.5086750943794544,train
F304M,0.6733199522327245,train
H43G,0.736708355255189,train
V147M,0.6662268083569588,train
G371W,0.711600415503878,train
A13E,0.6485644750807654,train
G405S,0.6821719067923792,train
V123T,0.6260880150519027,train
E79K,0.6998181195438045,train
V336Y,0.5648672188854341,train
G391K,0.7001366252427581,train
I225A,0.7420305856965389,train
R259G,0.6719704531823124,train
I20H,0.7457508469328202,train
A438V,0.7372748296482037,train
K398P,0.6049227898931113,train
A25C,0.7074558518876971,train
F96A,0.7315761747149041,train
V2N,0.5621164204474667,train
A438F,0.6751987453769106,train
V167K,0.5268297850586371,train
I53W,0.5990119025670434,train
S143D,0.736667979801565,train
Q220M,0.7477464379745921,train
D247R,0.6516528795328409,train
T126N,0.6818757636435526,train
I400H,0.5972231103903094,train
G375Y,0.5898604861346721,train
I29F,0.702026836209349,train
E97V,0.719160087225208,train
T199V,0.7727476807528381,train
K91L,0.7520183346714308,train
D51S,0.7412512787160098,train
T413N,0.7083655635337609,train
V84F,0.707167666615092,train
I136C,0.7331296058178021,train
T327K,0.7172892307738993,train
P207G,0.6735199512443448,train
I20Y,0.7174789841081486,train
T16F,0.4988156034912407,train
P12M,0.4690597556263489,train
Q220H,0.7403793652167192,train
F350G,0.6938725409614136,train
F184I,0.6832775855535927,train
G395D,0.5327060588006433,train
S82C,0.6750694422452628,train
L218D,0.7616881640198856,train
A262W,0.4195924672554864,train
D130Q,0.7402374509342892,train
R292V,0.4642817252918197,train
A264W,0.5283948105118061,train
E131C,0.6592615271454504,train
T37W,0.5729854106541147,train
R187M,0.5221821452674134,train
A177F,0.7558599129186799,train
K91F,0.6898207886363193,train
D393L,0.4793235941844338,train
I136Y,0.6931565580571525,train
G92A,0.5726771506325321,train
N365A,0.7759109153675194,train
T210A,0.7405426605543387,train
V135Q,0.6337963302979335,train
G326H,0.6432017279634984,train
F142H,0.4536782471186047,train
F260S,0.5659060359519353,train
S418W,0.5595368257955377,train
G176M,0.5345538395292442,train
W384C,0.5954881380295114,train
A115H,0.7498013000128171,train
A346M,0.6436066687670011,train
F22Q,0.7704093467360433,train
G391Q,0.6839366064458944,train
S329I,0.658531337278494,train
K103H,0.6736166320262651,train
F40A,0.5688984233668687,train
A6L,0.6990222118827105,train
D356A,0.6838702460903228,train
K398T,0.6118612671133715,train
N75V,0.8086617915042273,train
I136S,0.7863427590267019,train
T16H,0.4971040175421954,train
M407H,0.7067922906986693,train
F110S,0.5737421079455035,train
V84I,0.7693892204400462,train
T340P,0.6072418152918693,train
V93W,0.4811795093171227,train
V227L,0.7270139814721771,train
D420T,0.738340814353358,train
R310I,0.740446862411751,train
V311F,0.711043004051529,train
N217A,0.7607489934034617,train
S418E,0.5486495190574625,train
P369L,0.7730974919036354,train
S148F,0.5988991224436992,train
A392D,0.5674311661072774,train
R333A,0.603858228002561,train
V65A,0.6621137020065867,train
V135E,0.5684377138797839,train
F110Y,0.6595869174311974,train
K250L,0.7609488935594769,train
T226N,0.6865057788925858,train
K234P,0.7736548751115258,train
A380D,0.691680276693026,train
V248L,0.7930393259892792,train
E97F,0.6480124795033605,train
V288A,0.7965319792556208,train
E312Y,0.7639837041512856,train
D247G,0.7077660219407951,train
V10W,0.4931662880966256,train
L64G,0.4470275244429553,train
L119V,0.5986947455409897,train
P298G,0.6140450721663968,train
R175D,0.5374408045023087,train
A428D,0.5618524053703418,train
T210I,0.7730488761292036,train
I38P,0.5382915558409642,train
V204H,0.7138115541317508,train
P355S,0.6924675062442033,train
R255S,0.6750803587285266,train
S272T,0.7726496689508046,train
Q117W,0.6461239490820586,train
R345D,0.627412383595241,train
V344W,0.5216679125312083,train
F142L,0.6366616811990247,train
A115Q,0.7742637832730878,train
S100V,0.6838536877764458,train
E85Q,0.7144180473920991,train
L295E,0.566883223609687,train
F350C,0.671614594186809,train
G408S,0.756971515955093,train
A244P,0.5792585896511409,train
P297C,0.5353036310504958,train
G375A,0.6521049603378116,train
L164F,0.7374408117399511,train
G146K,0.5077293569263969,train
S254A,0.7475408818657344,train
T7M,0.6320334877175737,train
S143H,0.6795909564064354,train
I429K,0.5423344676505045,train
I427D,0.5024405538018458,train
G90S,0.7322594717194056,train
L299V,0.6655206545243039,train
A78K,0.7788356573040132,train
H87L,0.7331270002664927,train
S319M,0.7174554494129879,train
F184W,0.5799878898176501,train
A228K,0.6771147647175826,train
D341A,0.6330066011121667,train
V181H,0.6574220502876893,train
F110W,0.5750447565001486,train
R333S,0.667717762717348,train
E99P,0.5188074126158883,train
I447P,0.637398988669558,train
N323D,0.7813114712232317,train
F443A,0.5545281229673065,train
D393P,0.5300878257292965,train
E131T,0.6947517062254597,train
T16R,0.5336220830832128,train
T226Y,0.6133301060626466,train
E238I,0.6407709109974485,train
D341E,0.6675312010069249,train
K194C,0.6624516398930838,train
N366Q,0.7404239632169096,train
K316A,0.7894957020667668,train
V344A,0.6771145670063721,train
S418I,0.5681563425828254,train
F184H,0.6425389434970832,train
D356N,0.7037564915508083,train
F40P,0.469433006147259,train
Y374S,0.6856257168669779,train
N253A,0.7345150741862905,train
W384L,0.6259971102617742,train
S33F,0.7523164972990499,train
Y374N,0.6774138099845343,train
A78P,0.7452583341853083,train
L211G,0.6917894132812059,train
R187Y,0.5763192876962189,train
P208H,0.6579915291849916,train
N376R,0.7084907782800208,train
R310K,0.721077059816359,train
L196H,0.6743692056266927,train
P404N,0.5399718186853791,train
L232K,0.4919002867270641,train
T314G,0.6995211996723654,train
I173V,0.725410592983062,train
L205K,0.6444920407508331,train
D193N,0.7489373655730919,train
A115T,0.7245386512393127,train
L285P,0.5343444492351264,train
A158L,0.7228634159085354,train
G403M,0.5643282298812322,train
H277V,0.7942970411407876,train
K103M,0.6794182980307772,train
E85V,0.7734591657270611,train
P121R,0.604102966236665,train
R55A,0.7090320833298311,train
L134K,0.546879057534385,train
P377W,0.4955768679080608,train
V2T,0.6366347501077126,train
G92C,0.5150313120848782,train
D168K,0.7751929694733829,train
G397S,0.5476196554843498,train
F184G,0.5799731462102408,train
A78L,0.6971697708184341,train
K398C,0.5569420779915489,train
V123S,0.5872384118169505,train
F166W,0.5265245471941289,train
C270H,0.6012535381491314,train
T302P,0.6304081321007523,train
E105M,0.5904875837275974,train
V288K,0.6402809120067554,train
P208I,0.683083298983732,train
G411A,0.6042380171156458,train
L21D,0.6618922866342034,train
V167S,0.6054639678428577,train
G408T,0.7300339637232004,train
Y390S,0.6198205273132922,train
A307P,0.6082631207940146,train
M402K,0.6230899787452416,train
H43F,0.7250013237162729,train
G353P,0.661761295896152,train
S329E,0.6492326401165514,train
P202Q,0.7479507795717282,train
V137N,0.5320711939815924,train
S322C,0.6544523855397307,train
T252L,0.7282089692116063,train
T127R,0.7486164590951538,train
R345V,0.6278309382278076,train
P12F,0.4932806781541122,train
M407Q,0.6996519503325185,train
L363K,0.693353026511443,train
E219H,0.7119251561670762,train
S143G,0.7143123778112171,train
S82T,0.7173779889851712,train
C88R,0.5540109669296323,train
I173D,0.5916727635787642,train
A279Y,0.6622739540037879,train
V153E,0.5811472542336212,train
P417S,0.6915236611698746,train
P15W,0.5432958525336479,train
L119K,0.511217039168018,train
L119W,0.5404343781845048,train
F166G,0.4144221496349246,train
P417E,0.7511647518257966,train
L86R,0.5080104740232276,train
P195V,0.7092520511737092,train
S33E,0.7118438686151141,train
G423Q,0.5716101597185388,train
I429P,0.5573871541707772,train
I429G,0.5750333457388586,train
I381M,0.68251609376535,train
S122W,0.6359518344034027,train
L232I,0.7088918566538047,train
N89E,0.6014257446134514,train
M157E,0.6042688600644793,train
I212E,0.7570887587029022,train
G176F,0.5356290637029306,train
K331T,0.7120532412564452,train
F200R,0.6458648485407367,train
W396L,0.6579398771312561,train
A265M,0.5207030535796524,train
N231H,0.7738256269862259,train
N306G,0.5348287287229451,train
T3N,0.7187552382161958,train
N306F,0.4890229954810834,train
D364H,0.715783794067343,train
W430H,0.7900472316106043,train
D342M,0.6195404976281191,train
N231M,0.6212188680938052,train
V84S,0.646356979988057,train
I332C,0.5201306937475689,train
W396Q,0.5494468460026032,train
K62V,0.6201687814883071,train
R310L,0.7526404471174063,train
K440N,0.6351313540632931,train
W384K,0.5192086110286214,train
L285M,0.6707126497668708,train
T302K,0.7192191252048774,train
P377N,0.5502486496944379,train
H8S,0.748764057574885,train
R221S,0.780330643560873,train
F373E,0.6614435104308936,train
G318Q,0.5853275753344387,train
H266K,0.5561233417467604,train
T3G,0.6730616425362443,train
P298V,0.6221352171876491,train
N231Y,0.7078574598450804,train
K172W,0.5526394018959088,train
L190F,0.6865391355982381,train
F142T,0.4379354072514959,train
G50I,0.6870446690411824,train
L389Y,0.6648330431787453,train
A279E,0.769173115025887,train
R11S,0.7404951886804817,train
P388L,0.5248117467333622,train
F166I,0.6006483017671925,train
N306L,0.535530419931135,train
K441F,0.5377551370824984,train
L299M,0.6507124379157783,train
I237W,0.5239871780078647,train
R269H,0.6126612914043121,train
P128N,0.7628029657412396,train
T113E,0.6564512176331313,train
S100H,0.5815133165398079,train
K370C,0.6582283236651036,train
S317H,0.6292283469411855,train
D27M,0.4365030742650113,train
K398V,0.5707763974217543,train
F394I,0.5569765079866296,train
T327W,0.7538722162030976,train
F443K,0.4841969778113272,train
V156E,0.6248147831009297,train
A265C,0.5597613833639445,train
G437V,0.7390173750544742,train
Q281Y,0.6193067041217374,train
E337D,0.7293172747074732,train
T111L,0.6876801269938647,train
S143K,0.8286504372495074,train
I427P,0.5594316575537965,train
F110P,0.5378679172058427,train
K301L,0.7120359168116277,train
G145F,0.4233253113980912,train
S203H,0.6802924569645296,train
L54R,0.783046199975574,train
K352I,0.7086657385790581,train
D410F,0.5819850413657617,train
D130G,0.7417013753477611,train
C442P,0.6456133951865912,train
G423K,0.5962504559681693,train
D48S,0.7524464288699025,train
D372C,0.6492446510725874,train
A163E,0.6116313995867406,train
F439T,0.4541458623758266,train
Q138H,0.5355720098964806,train
S324K,0.6873238513925964,train
A328D,0.5669511656549424,train
K440C,0.5848219571581185,train
R359L,0.7610979113232546,train
W170Y,0.5028993850324311,train
N376I,0.6537140118408837,train
C88D,0.5384245872411524,train
K30W,0.7567054743380607,train
G421H,0.5659462136943489,train
G305N,0.5404114154396316,train
L164D,0.5736936686989381,train
F229G,0.569962406246017,train
A380V,0.7170110369785376,train
I95F,0.836628204630951,train
P355R,0.6496666656513372,train
V288S,0.764200155560063,train
A158D,0.5504028220719172,train
G371Q,0.7217926543593138,train
I212Q,0.7329569756866025,train
P183M,0.5478002223084268,train
I149E,0.4411777863698402,train
N253G,0.7445608725847994,train
P17N,0.6020817786542519,train
E101T,0.7447170644410713,train
F304E,0.5764675428596133,train
L351H,0.6040193767613239,train
A335V,0.6659516720242448,train
P161E,0.6718338064914184,train
L66D,0.7630806581974604,train
I149C,0.5592544235758389,train
A115W,0.6555774188162266,train
I447L,0.7831679830201094,train
A274M,0.5596725969082138,train
R345N,0.6577500108191723,train
K30G,0.8243364492481823,train
W396E,0.5250610605697659,train
L47C,0.662389643306372,train
L211E,0.6996000511397699,train
I400C,0.6294836203583618,train
N426F,0.6686266835185699,train
V339Y,0.6277938250091564,train
E178D,0.7269671521597542,train
L74A,0.5480870306636734,train
F287I,0.7857607996092386,train
G146S,0.6346374432150785,train
E19K,0.7674975125171475,train
K352W,0.6308940074004842,train
S122M,0.6988828325404433,train
R221D,0.7663653475148454,train
A392R,0.5696431308855654,train
I9T,0.732680603658823,train
H87N,0.8026349995115782,train
L56S,0.520849458731006,train
E191D,0.7621302745309568,train
A313Q,0.6205887059771177,train
G146H,0.4598542369334552,train
L185I,0.7836364244277465,train
E14A,0.7184247568667793,train
K103D,0.7048938747168438,train
N378W,0.5103471945753226,train
N24R,0.6618524901919816,train
D249L,0.7290476531053085,train
C144T,0.4965464719286679,train
L240F,0.5924027981011981,train
L56Y,0.5188664152899845,train
I416H,0.6118967845201096,train
K172T,0.6760045174151841,train
K398M,0.5794407664093604,train
V93A,0.6732386434974184,train
D193R,0.7620278106961305,train
D364Q,0.7309127123814816,train
P128T,0.7346149183475782,train
P298Y,0.5668168208874275,train
I332E,0.469202248920181,train
A328M,0.6157243182103007,train
R221Y,0.7191117185897893,train
Q236S,0.6201737101463396,train
D106N,0.6772888141328287,train
S59F,0.4901790976620818,train
R359K,0.7626889216783713,train
I212W,0.6743396760451859,train
R333W,0.6063338689244703,train
I38W,0.5207544867388334,train
N306M,0.5362693797024988,train
D58F,0.5924552763053488,train
V357S,0.7235924971804903,train
V123R,0.546831917532917,train
K188H,0.7027985948583069,train
K234W,0.5757891956964882,train
D159N,0.5251669914118902,train
T113W,0.5469695245354047,train
R255K,0.7169711628640545,train
G318P,0.5982720813396912,train
L70A,0.6682089126697306,train
L363A,0.7152039847592937,train
L190W,0.5800914763697075,train
L139W,0.5216926546769758,train
G213L,0.7766077908955116,train
S418N,0.6176576231596596,train
I32Q,0.7691956046760781,train
M157F,0.7265777528696173,train
E433I,0.6441607050065428,train
P195T,0.7079114985555709,train
F373G,0.6733063242814312,train
L151M,0.7117762619728051,train
E101V,0.7144619887086263,train
F22N,0.7477568743020591,train
K222R,0.7134244602955504,train
P202K,0.7067878280742044,train
A177I,0.7845857348048217,train
I429F,0.6693802174305912,train
T343M,0.6844416385496979,train
P377K,0.5388813989929451,train
R175E,0.5660123622164807,train
V147T,0.6550751617304843,train
R333C,0.613234908114805,train
P12Q,0.5667470288301313,train
G375P,0.6243543984251193,train
P182R,0.6789946664567703,train
F96W,0.647684215343947,train
I416E,0.5806368909882497,train
P114G,0.6357953177358565,train
Q281H,0.6959565265670524,train
I278G,0.7842730121587743,train
P355T,0.6657350864542887,train
C144G,0.5925623934147359,train
V181C,0.6544173624110188,train
F287T,0.7122171332582535,train
L151Q,0.5552108480215205,train
H87T,0.7423740948025025,train
F443M,0.6331880293922323,train
A386F,0.6602666062061078,train
S424N,0.6347307558453061,train
V336T,0.6870014762028093,train
D18G,0.743147936480285,train
A13F,0.6171023229805939,train
A63L,0.652225952537505,train
E45C,0.6530702147117884,train
M436D,0.4703795344451584,train
Q432I,0.5445622210811716,train
I381L,0.7159714784949971,train
Q117G,0.6930468918853732,train
E79V,0.6647955274765585,train
A313M,0.6614014332486365,train
F67K,0.5285939763118969,train
Y390R,0.6025167291950583,train
Y125E,0.5763896870093759,train
C26D,0.7097175834021064,train
V167E,0.5213354187641137,train
Q214C,0.7036206780714442,train
G397Q,0.431894058770976,train
E14Q,0.724825170088858,train
L21G,0.6671364211474173,train
V339H,0.706418630633109,train
R187E,0.4975926466766446,train
P208W,0.591043900707174,train
S143E,0.7488388418402455,train
K352Q,0.7569987012465327,train
I29T,0.7231259199071233,train
R141W,0.5390815674713174,train
N426H,0.6625978896999148,train
N242L,0.7398422615301314,train
E85L,0.7326484755871215,train
E261C,0.5120049465862025,train
D247P,0.6796295665813945,train
T343I,0.684323830912716,train
D356S,0.6969795443895027,train
K441R,0.7192449265178439,train
L151S,0.591294866844408,train
G152C,0.7268566174708717,train
T210W,0.6615158444894671,train
D124R,0.5492361140966999,train
F291D,0.6824950657658936,train
R275K,0.6666839590422551,train
L379F,0.6422789461941995,train
V167L,0.737976150147874,train
L211R,0.6865188560769355,train
Y390Q,0.6002905292096163,train
D349R,0.6661349079496631,train
D159S,0.4528217903993041,train
R255W,0.5981423121744758,train
P183S,0.6427438005555896,train
F350E,0.6926018510117181,train
T252V,0.7347487758981815,train
R345S,0.6542510519774396,train
V84E,0.6004850346740316,train
G405A,0.7220635610843468,train
K5T,0.6845588671752778,train
G353W,0.6634226490755082,train
P17W,0.5223895019605092,train
T226V,0.697326400463815,train
R11F,0.6670614321097317,train
L389D,0.562994710133295,train
L320K,0.5355619266247466,train
P133K,0.5588544961637445,train
H277N,0.7528573221930633,train
S174T,0.7173176164548312,train
G92Y,0.4877597055795513,train
G395W,0.4716960086623071,train
Q282A,0.7679205227130643,train
L379S,0.53463276866891,train
G72A,0.5611992663865516,train
K188A,0.7475590289304097,train
D48E,0.7348245028223491,train
I173H,0.665406186794556,train
S254I,0.7416245292369199,train
T233K,0.6142257519683084,train
T343G,0.7394226830359392,train
E14Y,0.6217569532753306,train
L23E,0.5919468619276232,train
G318I,0.5886758711726781,train
A274T,0.6348699586597069,train
A171F,0.575802188147462,train
D290S,0.6462629047574462,train
F96G,0.6110837112892781,train
L23Y,0.6839788036671006,train
Q432R,0.6579966343708905,train
C26M,0.8021962536216424,train
D51T,0.7267970004798001,train
E14K,0.7254398048144091,train
I32E,0.7414217763905822,train
E261Q,0.646594459396291,train
S44Q,0.6891060202437798,train
G72I,0.3950874619627352,train
P388A,0.5718409593123048,train
E312S,0.8096541005390226,train
F107I,0.6845642830502217,train
G353A,0.7508668151538466,train
K338C,0.6300006634182015,train
S272R,0.6317241402843335,train
E79P,0.7017151162415832,train
E97Q,0.6350343767145572,train
P183D,0.5535250633854418,train
A335N,0.6238137994867751,train
I429R,0.5275458950629621,train
A25H,0.7702133443153202,train
S143I,0.7052393256293389,train
L21Q,0.7237062023098549,train
T385K,0.6677213356413657,train
C144W,0.4921025452953757,train
V135A,0.6983244113486979,train
R55D,0.6247507246687373,train
V65P,0.6348779306581576,train
H8A,0.7141081350696863,train
S284V,0.7431284619260536,train
I129F,0.6519660964569146,train
R11Y,0.6690312995107983,train
D58A,0.716433494288294,train
N366L,0.8089781753382258,train
N366C,0.7042609728876684,train
R361G,0.7099990606157849,train
V84Y,0.658466749262702,train
L185M,0.6903754180094924,train
D315V,0.817000862000577,train
S383A,0.6230681740231726,train
A177W,0.6629278838324199,train
C26K,0.698140688206368,train
P417M,0.6475418985779815,train
S284R,0.8175444760348809,train
T413Q,0.587522748782066,train
A118M,0.7229019413501186,train
I38Y,0.5709711288418388,train
V189L,0.8031894841319008,train
E169T,0.7676013709221192,train
V123C,0.5736319545568126,train
S272M,0.7139780269709672,train
G145H,0.4782559818923504,train
S122H,0.728951953818326,train
M407W,0.6864350971348425,train
H401F,0.7530724743567434,train
P179W,0.6225199773254545,train
L308C,0.6722861203131729,train
N293V,0.6992459503618168,train
W170E,0.3449931183656354,train
I429V,0.7290402195168505,train
G152I,0.6896536873578983,train
D168L,0.7319098618103761,train
T113S,0.7299361814073932,train
Q214T,0.7745192402792452,train
L205Y,0.7749884866539536,train
E191I,0.7079265104853374,train
R187I,0.5185073999762282,train
G92S,0.580857621432511,train
E261N,0.5678065914515027,train
G108I,0.5859355514288656,train
H277C,0.7403638801922705,train
K352Y,0.6811520770631978,train
L185G,0.6359966442370331,train
F166K,0.3798425719014263,train
R275N,0.5976924061928204,train
Y347K,0.7217851272110867,train
P12T,0.5690177138379291,train
D410V,0.6231671708507012,train
I9V,0.7354366202605239,train
V248E,0.7689174744307483,train
L86K,0.4751730427430215,train
G81C,0.6583799752246493,train
L321P,0.6088572853481671,train
A328T,0.713990334493819,train
K352R,0.7290037823999279,train
D349P,0.5875523207302608,train
N231C,0.6504385160947856,train
T226R,0.6586511926387273,train
F40Y,0.6720655452134341,train
L64F,0.6069050001226031,train
T226L,0.6539128740130441,train
V339N,0.6488375707513429,train
R141D,0.514560900626251,train
E105D,0.7448432818656129,train
E79T,0.6855877351312235,train
D51H,0.6879364737004694,train
P12Y,0.4726625622813813,train
L134C,0.5813868802207118,train
P128I,0.6755349391680868,train
D109C,0.5562475467536239,train
L235H,0.7375084784017347,train
K57P,0.4439241080611133,train
E280P,0.689672886528658,train
L354A,0.7480995713798367,train
E45A,0.7457148352480559,train
D356M,0.6261626934005434,train
S154L,0.6046409949292733,train
H435C,0.5737849971559463,train
A71G,0.6111951921675249,train
L196V,0.7605496440143898,train
L74I,0.6867117657294377,train
D249F,0.6883960816536672,train
P355Y,0.6197710006550693,train
D216A,0.7489510500133023,train
L348M,0.704811979909021,train
A392V,0.7176770060076643,train
D349K,0.6905970028486276,train
T271F,0.6862537394659235,train
H34L,0.6259348594749345,train
R141P,0.4797211914286905,train
H266Y,0.6335425397148355,train
D342V,0.6644864271823314,train
E215D,0.7496212839556835,train
A244I,0.640186872081718,train
M1C,0.4053784434455719,train
D445Y,0.6350655374135503,train
D315H,0.7170570613238894,train
D420C,0.6412857086228264,train
A115K,0.749913006846733,train
I447T,0.6547830292947845,train
H266R,0.5744186192188171,train
N365D,0.7592085123848495,train
G437P,0.704595415522409,train
K222Q,0.7186806198870298,train
S44N,0.7302105869147401,train
D422P,0.530515799888819,train
P377L,0.5970852350654647,train
R11P,0.6985078802909002,train
L295I,0.7116418148191276,train
N365E,0.7636026228542179,train
I129D,0.5389770206076663,train
K30E,0.7484243685319523,train
G358D,0.7673910520914237,train
E97I,0.6589214921078994,train
A335P,0.5070547662762707,train
S324A,0.7034562953221671,train
K5Q,0.6607132287694465,train
V156C,0.7325794743746672,train
E178F,0.6109377439270334,train
F409L,0.6956206964232813,train
Y257S,0.5652678382867651,train
P377M,0.5633712652558659,train
D364S,0.7752703169233649,train
W430Q,0.7555299540917482,train
F287E,0.5735430268787888,train
S33L,0.7441342682815208,train
I325C,0.6051497199960437,train
D341H,0.6159159427399349,train
K352V,0.7308249568484912,train
F107V,0.6555760418988679,train
A118E,0.7756801793237854,train
G108H,0.5964568241052127,train
V189Y,0.6768481229058041,train
H8K,0.7687375431069906,train
G176E,0.6307429560356845,train
T385E,0.6489139861341897,train
K440T,0.6550078269410897,train
G213T,0.7696718344931848,train
C26F,0.8465190892349416,train
H266L,0.6278884298233666,train
P183E,0.5686781024672577,train
Q432D,0.6026568358321355,train
A52D,0.6374374293777653,train
I225D,0.6230497021472229,train
K412W,0.5400645876097779,train
E434T,0.644690161505954,train
V227P,0.7309352726428192,train
I212H,0.7194175142823556,train
G395S,0.5731046728807165,train
L240M,0.6027684438104461,train
T226E,0.6547082520905385,train
D18F,0.6930715987255673,train
S329P,0.6336103475989124,train
W396R,0.591838855117789,train
K250S,0.7877963389071975,train
I309Y,0.7389795345410131,train
G358Q,0.7225968447079036,train
I325M,0.7078953709696882,train
G145Q,0.4995831748992054,train
S100T,0.7051103331867361,train
P404Q,0.5566789243704124,train
P417F,0.5991859590434043,train
I53Y,0.6790670216986879,train
A244D,0.534284514493895,train
H8C,0.6695531511897211,train
A177K,0.7594021987599643,train
L23W,0.5785062843730704,train
T413K,0.6066244196704864,train
Y41F,0.6843594259917154,train
V181D,0.6847566843024684,train
P17Q,0.6410535321117018,train
H8R,0.7350022557922343,train
A335K,0.5630726224724498,train
K239L,0.6518906837523493,train
T283C,0.5995404976104663,train
F184M,0.6316329106829306,train
G411M,0.4984646660926551,train
N323Y,0.6568156558829462,train
V204N,0.7196546547570859,train
N245R,0.6453463720746211,train
L164S,0.670900560150194,train
H419N,0.7468367757563308,train
D315G,0.7890916509637113,train
R83S,0.6958904945533125,train
D349V,0.6379429698818243,train
D159F,0.3981755416035363,train
D124L,0.5252568935237371,train
L321K,0.6361125736175155,train
I415H,0.5926844235982844,train
L354N,0.7939215451854156,train
I120M,0.6638240805050251,train
T37P,0.6271399799139002,train
P388V,0.4945006410560926,train
G353T,0.7573889337481994,train
R292Y,0.4304496654006526,train
A77K,0.7623368262569815,train
K222V,0.7204779771958459,train
Q117N,0.7384568920172483,train
S174Y,0.6289711387785923,train
F291I,0.8226537008914072,train
H286I,0.8001345069966241,train
I325W,0.5863198455331035,train
R141I,0.5846996727744422,train
V10M,0.6193375188261122,train
V189P,0.628566480419676,train
L321Y,0.6352947835620912,train
R361D,0.68733435833121,train
T343H,0.8069069844723502,train
N75I,0.7474981197553554,train
R83F,0.6550816014670539,train
K338S,0.7449614637416718,train
D315K,0.7305480128704244,train
D247N,0.7123943425223099,train
G423P,0.4779198163456329,train
H277T,0.7551122467929408,train
D249W,0.6420055468956918,train
E191R,0.7871861597449968,train
V10L,0.6815102238598508,train
A289W,0.5508606082575328,train
P417C,0.5940794880215953,train
A25R,0.745036276251491,train
A115C,0.6702861160747389,train
R55C,0.6538268343309159,train
G395V,0.4917875066037199,train
I95M,0.7019071997436702,train
D18N,0.7822790875400621,train
A63S,0.6841939417085514,train
Y374G,0.6615074417630221,train
I325Y,0.6353668775427664,train
S424R,0.5887433048176779,train
N378F,0.5460514384073545,train
S197M,0.692523260805556,train
H8F,0.6782423329342412,train
L235C,0.705833956217059,train
V204E,0.7945005989541964,train
E97D,0.5804971374069055,train
R269M,0.5650797443144608,train
P69G,0.4947102996725676,train
S406Y,0.6862271190636566,train
Q214P,0.7766064916504142,train
G408I,0.7175800780867311,train
V2M,0.6414792396534186,train
G318M,0.563913714206251,train
F229R,0.6543222845021264,train
T140E,0.426553116375778,train
E99K,0.6618761590483208,train
D51N,0.7248505759794036,train
A52T,0.713654228966576,train
S329L,0.6148310448391646,train
N24W,0.6464221187707925,train
N217Y,0.7343370776079495,train
I400F,0.6869339719466627,train
T302M,0.6592950109511666,train
W430I,0.7659630475682254,train
K188C,0.6765276471558603,train
M157W,0.5937482511329102,train
F67H,0.6484138897495333,train
G411L,0.5029524846146719,train
I415V,0.7400175325182137,train
A274K,0.5308695899777272,train
Q214M,0.7389133507133079,train
V181E,0.7204723989152648,train
R221N,0.7583732672539866,train
D109V,0.607407906830894,train
W76F,0.6707075022142839,train
I225V,0.7677569872975464,train
K301Y,0.6602791467457434,train
E19P,0.6720828166998917,train
L389I,0.7815969768028235,train
E85T,0.7231838845973645,train
A71T,0.6166627544708001,train
G80R,0.6918577719322262,train
F439M,0.5725283305799649,train
S383H,0.5378856970925557,train
I116G,0.6513540319770997,train
L354H,0.7867257044580398,train
G411W,0.4857142418849383,train
S424G,0.6926399527864218,train
L119Q,0.537834009733247,train
I9D,0.5956391611498524,train
S362P,0.7101833839528608,train
A63F,0.5791210532597998,train
L211S,0.7185593275899633,train
E19T,0.7371209079402948,train
P195A,0.704325320825562,train
D422I,0.5773555062725254,train
E238K,0.6723930820780376,train
K412A,0.6525409841680462,train
E219P,0.7524442046187847,train
Y390V,0.5924318334046788,train
Q138D,0.4017539732907636,train
K352A,0.7328518215670906,train
V137E,0.5001037485163748,train
F166H,0.434546976037531,train
K223I,0.6633746264347078,train
D410K,0.6238876587461152,train
F107K,0.4692641325290583,train
L246S,0.7909440426001849,train
V153W,0.7307774143634876,train
S143F,0.6364454275014576,train
Y68T,0.5062501098941135,train
D124S,0.5981589622828434,train
V93E,0.543910960353881,train
M436P,0.4790197685428576,train
F304Y,0.6647526594494596,train
L23A,0.5963173812129136,train
T35D,0.6042948167219683,train
A264I,0.6358344927999884,train
D356F,0.6354589050501259,train
P209C,0.6331050401116372,train
G391V,0.6460568190649891,train
S100M,0.6067650205855897,train
L139Q,0.5991370678855007,train
A265V,0.5719225575533119,train
L164R,0.6191137803470059,train
K440I,0.635999941777579,train
K103G,0.6861474838125248,train
Q117H,0.7524916270648391,train
R83K,0.7375679753538571,train
L431E,0.5109989919473275,train
C88F,0.5865885774348212,train
T226A,0.7099972670926613,train
L185T,0.6832693099272117,train
Y68C,0.5301710480266754,train
S418Q,0.5391982029632658,train
K91E,0.8089227667714913,train
N366T,0.7661428659141486,train
I38G,0.5662388686525336,train
F67D,0.5868451359748655,train
V248S,0.7810296444843776,train
P94A,0.7273213235488538,train
N323F,0.6173348031196488,train
I173C,0.7015412362930888,train
N323S,0.7680552699641148,train
A13P,0.6571463420046878,train
T283I,0.5929615582264471,train
P202W,0.6752518732036099,train
T327F,0.7595494653673064,train
P36Y,0.5405241390740585,train
F409P,0.6510187420086,train
V147K,0.4853031437894523,train
V10T,0.6465376244843953,train
R359I,0.7548923001324067,train
N89S,0.687192465232124,train
V288Y,0.6725273844788645,train
P388M,0.4591232703438862,train
S406E,0.7180650778082451,train
A289E,0.5526859063970573,train
A346E,0.6999646023674193,train
I427G,0.5941026061109911,train
E191K,0.7895206560459741,train
R269I,0.5703872029039427,train
R73T,0.5460467498272205,train
S174M,0.6077047560911865,train
L348N,0.6369957919613762,train
H87K,0.7567712698044594,train
R55V,0.7173076673442756,train
T385D,0.6031381637740265,train
S322V,0.6972296843763215,train
P15E,0.7278925747859357,train
K273V,0.6515265138248916,train
L389M,0.7141541664761526,train
P404H,0.5460432475143493,train
G145T,0.4704407119425697,train
S329Y,0.5627566375914297,train
A438R,0.7116198370997494,train
E85N,0.6803497649711074,train
S418A,0.6776756008105415,train
A63V,0.7336754105629292,train
L74Y,0.5813942096577285,train
K331W,0.5994494092313565,train
V311Q,0.6369802575091249,train
K398E,0.6863385152085275,train
S44L,0.6612046470441862,train
L211C,0.6538250196244485,train
S418H,0.5782843394170876,train
I9Y,0.6466631004918977,train
K273S,0.6270736195583287,train
T111A,0.745519263555327,train
A177G,0.7343253985243025,train
E99L,0.679141339930481,train
S154E,0.577952594128147,train
I429Q,0.5616575892168814,train
F166Q,0.4049680514615519,train
K441V,0.5738569216698697,train
L354I,0.7224365856495878,train
K316R,0.7285280821664206,train
F394N,0.4378606724139379,train
M1E,0.4864308602895188,train
L86W,0.52739530973173,train
P179N,0.6931310109443137,train
A25N,0.8599693052110049,train
E280A,0.6855175476515064,train
L23P,0.6063539789790211,train
F229I,0.7284614464273773,train
T233M,0.531572114397447,train
L379V,0.6713326438784484,train
D48R,0.6833784394542768,train
K440F,0.5493066122654621,train
F409T,0.6435194286953809,train
D186T,0.5539191018279099,train
D247Y,0.658706594144347,train
F107A,0.5892628757565657,train
F110E,0.5179005112934589,train
Y347P,0.6692731285656627,train
V137R,0.4841345858021943,train
I381F,0.7056616367749045,train
P195I,0.7049921724940211,train
A380K,0.6861921806683206,train
L387E,0.4928528593391122,train
D124Q,0.5708450032117878,train
L363D,0.6930159924476225,train
L70H,0.5647245278803915,train
K412Q,0.660273074187136,train
K243Q,0.7165705222793795,train
L351V,0.7096651616868731,train
F200E,0.6409622883880696,train
D356V,0.6564613997604706,train
G146P,0.4220631795193633,train
S154D,0.5625445358292824,train
G391Y,0.6074233989164572,train
D342I,0.6271574914782563,train
G72C,0.5197993156365907,train
E178L,0.6769896135213546,train
D168N,0.8601204695536391,train
D290V,0.5285119120373222,train
G353N,0.7670609732255428,train
E99W,0.5928217481561856,train
Q138N,0.4793938381530682,train
P121W,0.4947018545794346,train
P114F,0.6289767594258614,train
L240W,0.4733821745985775,train
Q117D,0.7192140129578639,train
A438I,0.7333379616586222,train
R187V,0.5132209270195149,train
C270Q,0.6185984319546847,train
N231F,0.6526171382896507,train
D186Y,0.5651316858738974,train
P202Y,0.7639535461305741,train
E191F,0.7022571415250888,train
T7C,0.6811442886537281,train
G213E,0.7603172486087109,train
T3V,0.7049947568619865,train
S162N,0.5776451673180943,train
N378L,0.5403613521366945,train
I116Q,0.6627411244107863,train
I95P,0.5749435142381583,train
G50S,0.7788681525536769,train
A177L,0.8414964124607989,train
S143A,0.7532527728584635,train
A279P,0.7994519761230632,train
N376A,0.6947600030351848,train
G405T,0.6681678169824113,train
D372G,0.7291990222202678,train
A279L,0.7258034239749234,train
T37F,0.6718538741792812,train
F304G,0.6178585401161858,train
F107Q,0.4939505802241044,train
G437T,0.7402135137555929,train
P182N,0.7010242426610519,train
H155F,0.4751022903741316,train
L235Y,0.6977273587986497,train
S197T,0.7401229973267706,train
E191S,0.754479041335835,train
I9S,0.6752804142290644,train
A118F,0.7289917573216625,train
L134I,0.6499381160821989,train
G176P,0.5070784351326099,train
G437S,0.7506007241090116,train
L299C,0.5331047575787868,train
C144N,0.5394605374951018,train
D364V,0.8127799183071224,train
T127Y,0.6930041227138795,train
D168A,0.764776653205337,train
I32W,0.7016200312715761,train
A46D,0.7582268691637477,train
S102I,0.7010198647699629,train
T3H,0.7046936426884396,train
I149A,0.5888890462242534,train
A307E,0.5532133292954466,train
V339Q,0.6904054630523694,train
G108Y,0.5777471439360093,train
S162R,0.5201260051674349,train
I415Y,0.6627412232663915,train
I29E,0.7414820147597438,train
F200T,0.6524588422212103,train
P207Q,0.693480027719712,train
L295P,0.5649964937726234,train
L387M,0.6862253608461063,train
H266T,0.5347624389785202,train
E261S,0.5530925136236198,train
G92N,0.5534433380443707,train
Q432S,0.6093895804156716,train
V181L,0.7073350962353447,train
R310Q,0.7322160882309366,train
W396K,0.5298510100658405,train
S162A,0.7040600877061581,train
L354F,0.704163861377754,train
V181Q,0.6914431644627543,train
G213V,0.7687272126962436,train
V153L,0.7674092838894749,train
D410R,0.5912085800232669,train
A52H,0.6611873755577287,train
S33P,0.748834951166068,train
H286E,0.692162395479759,train
F107S,0.5490294070261528,train
P133F,0.5285685280546634,train
G256K,0.7737440569896774,train
K316P,0.7597273630900421,train
G353Y,0.6956243540806749,train
L379T,0.5754880674007119,train
D393H,0.5582972894837207,train
A6K,0.7814045331838888,train
K91Q,0.8026583011899552,train
W76Y,0.6786849165399946,train
H43K,0.7587496387875763,train
S61Q,0.5934862696568071,train
D58C,0.6040974162005426,train
I237G,0.5190419969671118,train
Q236N,0.6347488464210642,train
S162Q,0.5274367725970116,train
G397E,0.5107506949114349,train
E99Y,0.6350874904190272,train
A158T,0.7041388650318587,train
A262K,0.470606958826117,train
Q236A,0.623117460603497,train
T210E,0.7329089812902607,train
P94K,0.6974826276256602,train
L205C,0.6631978231847444,train
D290E,0.6262497710665265,train
F4A,0.6889867862616366,train
K223L,0.6716575822528571,train
E99A,0.661902440517084,train
R255M,0.6146095094278321,train
F67Y,0.772646505571437,train
V135T,0.6788942574063098,train
G150K,0.4761826409170611,train
Y39Q,0.5980232052923965,train
A264V,0.6727312176757452,train
G145A,0.5310101202816838,train
K30D,0.7510974099752873,train
E19S,0.7639155926392783,train
I120H,0.5964028348225249,train
L205E,0.6555143560012011,train
G92V,0.5191427308288467,train
G367N,0.7328310760122205,train
A262S,0.7018550745952525,train
D420V,0.654716146416728,train
Q432Y,0.5551869108428242,train
P12L,0.5827938214388803,train
T140R,0.5006690896004866,train
L235G,0.7755816555909391,train
K273Q,0.6520379927263793,train
D216S,0.7591706718713884,train
N376H,0.6789514594961679,train
M407S,0.7397661144696416,train
P369Q,0.7211823480970493,train
E251W,0.6215032474256087,train
A313W,0.6014193331213404,train
L295C,0.6345769294624453,train
A265F,0.491616232206535,train
F229D,0.5527137130665871,train
D446H,0.6633826619831905,train
P36E,0.5716853747118936,train
H43S,0.7842470131345973,train
T111N,0.6719794702257328,train
T302Y,0.6949409158538802,train
K330A,0.7536926520573022,train
E215F,0.7430014607177847,train
P297N,0.5588251360489895,train
E178I,0.6644840193422324,train
Q281A,0.6564934148543375,train
D159I,0.3880987660950153,train
I309S,0.7511597525566176,train
D106K,0.6423371792067978,train
K338D,0.6725158960453133,train
F425A,0.6818637103208285,train
D18Q,0.7782256193641057,train
F304P,0.64209873948697,train
P224K,0.7341505723864437,train
V65K,0.5354177104189375,train
T271Q,0.6121867138880357,train
H34P,0.6125506861042831,train
G408A,0.7775965587813051,train
T271A,0.8155393948550065,train
A392Y,0.5911931726710795,train
E178Y,0.6150285300939662,train
S322G,0.734975769551146,train
G358V,0.7141642215034281,train
E131N,0.7638340014593858,train
H87G,0.7226023382551088,train
W396F,0.6776235533343851,train
N293Y,0.6641380459072527,train
W76P,0.6901369853507794,train
Q28Y,0.5776694716747529,train
N306I,0.543570134471488,train
V10F,0.6230846970314763,train
F40E,0.418148779996629,train
S406K,0.7122659114383225,train
P133N,0.5566503551004994,train
I267F,0.6319660964392618,train
Y374K,0.6735793140352887,train
R83V,0.671338504603616,train
W170P,0.3707370103476549,train
D446E,0.7362957955089685,train
S102K,0.6698633035900324,train
I237F,0.6355699269559199,train
F425D,0.5510767207328067,train
E97Y,0.6287883265200535,train
P300L,0.6028986507647704,train
E85H,0.7041966743775775,train
A171S,0.7358017504995754,train
P209M,0.6810143358995315,train
D159W,0.3555854964666054,train
V65W,0.4556835754374921,train
L23H,0.644087770753223,train
N217S,0.7722932238827844,train
H43P,0.8223865083126853,train
L64P,0.4816990096448639,train
S102M,0.6778024537354024,train
R241K,0.7668870509103605,train
L348H,0.586154474227774,train
A98G,0.6216435517738963,train
L320D,0.5635192803413619,train
I116E,0.6549861846246577,train
V147I,0.7456210071564582,train
V135R,0.5738657056965063,train
K296I,0.6790314901697205,train
I382W,0.6121997204612388,train
A313C,0.653747806335645,train
E97M,0.6219041069048381,train
Y257K,0.4930341887635725,train
A78M,0.6671274958984875,train
G353F,0.7033773873658453,train
E280R,0.6252665673390847,train
F425R,0.6788540372972084,train
A307H,0.5265571695438566,train
T271H,0.6116587967116202,train
W76S,0.6882568435336932,train
L64M,0.5891673529974497,train
W268V,0.5459578221491966,train
D341I,0.578471600177862,train
L70F,0.714782859880991,train
F425Y,0.656759329371306,train
L56C,0.5296877288504502,train
F166E,0.3693232339704959,train
P94G,0.6649904848523119,train
Y68R,0.5128527322567011,train
P208T,0.6846973568170979,train
Q138Y,0.42949096374108,train
A118T,0.7589225372411329,train
L64K,0.4303320837193398,train
P202H,0.8730777985431135,train
G405K,0.6264506739008233,train
P161S,0.7401577874386988,train
N365C,0.7156864989684475,train
K331Y,0.6353761346640853,train
I278P,0.8460482046816322,train
F40L,0.6487893857049052,train
V181W,0.5478800693929984,train
T327V,0.7364382676194566,train
G318F,0.5568582343160801,train
P195R,0.7251399263359275,train
L70Y,0.6089365957880244,train
C270S,0.7222740829220888,train
R83Q,0.6908914513299358,train
D445R,0.6493980749719127,train
I116W,0.7178887900196518,train
F184A,0.6443810188450391,train
M436A,0.6121398563311542,train
R11N,0.7182146604611955,train
T37N,0.6596464920555809,train
W76E,0.7018915946802724,train
S197L,0.7418898859258303,train
S317T,0.7318833402637144,train
I129Y,0.5950142525024716,train
G80E,0.7563693652802603,train
R368W,0.6998702799977954,train
L218H,0.7211535246270085,train
Y41H,0.5830437566533739,train
I332G,0.4761561193703993,train
D18E,0.7696693842863979,train
P195E,0.6922006455378704,train
T3E,0.7476311087888556,train
A307W,0.520069488005699,train
L348D,0.5841717132313389,train
E434D,0.7000624411721437,train
C144F,0.5118066139976418,train
T314K,0.7389359886469068,train
L321F,0.6745378250447656,train
N366W,0.7289415316130883,train
G150R,0.5153600493389738,train
S44P,0.7170189277741698,train
G411Y,0.4987021737453477,train
V10R,0.5638038432621466,train
R241S,0.5460719862510142,train
P209K,0.7090052722774683,train
L23T,0.6021255293206833,train
K441G,0.6415952396450477,train
I32T,0.7521090064447755,train
V147A,0.6689079135932352,train
A265R,0.5019344978364166,train
K188Y,0.6811074578796633,train
D445V,0.6583864502667922,train
V204D,0.7408947912813018,train
P209H,0.6762704107488087,train
I29L,0.7419986129693599,train
V93C,0.5777587947751978,train
F394V,0.530921107870284,train
L351S,0.6248855354698197,train
S122R,0.7481726892221376,train
C270L,0.6482197020352778,train
K412M,0.6773608021967841,train
E261L,0.5199532903028594,train
L139N,0.5571654351704636,train
E19Y,0.6880066046912692,train
T7L,0.6672565024633197,train
L321V,0.7538390289641972,train
P94C,0.6631363773649759,train
A77L,0.728287171056462,train
S148Q,0.505331571854725,train
F142D,0.3374362287234813,train
R175K,0.6591391792117424,train
H8D,0.7285094690681778,train
L320V,0.6738962733501319,train
I309F,0.7713446478616338,train
A171K,0.547637308270999,train
L320A,0.5839915841963706,train
R310V,0.7469850591641839,train
G80V,0.6739535389900219,train
T126G,0.6487955783024617,train
L66C,0.681540304208301,train
D31C,0.7360469618283617,train
L285K,0.4835820112133872,train
S197A,0.743929608934225,train
V2H,0.5454518932838313,train
G72V,0.4458531763416763,train
E169Q,0.6808138708543435,train
K234T,0.7100574277895617,train
D109R,0.5966818477071871,train
I267K,0.4756984461626182,train
G403C,0.5983940974010103,train
R275C,0.585849998963649,train
N245T,0.684171190797118,train
D349Q,0.6706285236468155,train
S406W,0.653047110744622,train
A46C,0.6914530782677365,train
T302A,0.7102490028913931,train
T343E,0.7393508008887038,train
Q432E,0.6837071060972258,train
D445K,0.6942763661088001,train
R310W,0.7593470232100137,train
S148C,0.7086364102393192,train
M407G,0.7293752464588291,train
P202D,0.7310108548141363,train
Y374C,0.6331772188256883,train
V227S,0.7454077756159655,train
K338Y,0.6080896856957437,train
L246H,0.7036687783845059,train
S203K,0.7057344933559628,train
K172Q,0.715604607691182,train
V204M,0.7128889135847452,train
G318A,0.6668156488306579,train
I400N,0.6049836990681656,train
G81T,0.7211982709106068,train
I332Y,0.5057663388065501,train
D193G,0.7773357776946942,train
T192Y,0.6909375109808608,train
K301S,0.7589455282304648,train
E312T,0.7983353879397004,train
A13W,0.5745418074251697,train
A289P,0.626418418729058,train
Q281F,0.5848551726414775,train
I278S,0.8479508502711387,train
I38F,0.681173253346062,train
P133V,0.5725756118037261,train
F4D,0.6072415187250535,train
N75R,0.8287537201736344,train
S383D,0.5571756172978028,train
A49R,0.7017174111038477,train
G72R,0.4852007858713458,train
V189E,0.6288476257609654,train
T113V,0.6726433562260349,train
A115D,0.7650784170014328,train
Q117C,0.6663251767452826,train
K352L,0.7009405684523348,train
G81D,0.7539331606837252,train
T340G,0.6696116666469059,train
T226S,0.7421594581001925,train
N242Q,0.7618604975842695,train
D349M,0.6168515686767997,train
A49F,0.7024497969774632,train
L232Y,0.6196883291246339,train
I180N,0.7325546474955238,train
A63M,0.6252782464227319,train
S61F,0.5680977070866915,train
L196Q,0.6786639309072261,train
S61Y,0.5586632388120727,train
E334G,0.6679194563964868,train
D446C,0.6689558020728571,train
P207H,0.6936742083728528,train
E99H,0.6319742308433497,train
V204S,0.7395513083005797,train
K194R,0.7231735188810442,train
E280W,0.542268417983978,train
R141A,0.5608408018397388,train
K222H,0.6937299947092215,train
S197F,0.7124900241565058,train
M157D,0.5818830365033881,train
F40D,0.4154796786552739,train
H43M,0.6868889714629367,train
W384Q,0.555444938094718,train
S424F,0.5411256330652278,train
K370N,0.7296641519651296,train
A6C,0.6924660657768127,train
K331M,0.7059831116725725,train
F67S,0.591715073777805,train
S322F,0.6397468799050446,train
Y257M,0.5562174522829444,train
V189M,0.7286280957944602,train
S174K,0.5693670130579137,train
T127L,0.7404544248655515,train
T385F,0.6997619766211454,train
A428R,0.6193922707091832,train
L308D,0.6231771693890593,train
T252W,0.6330323459362158,train
F22P,0.803043311997331,train
I149F,0.6949238279564038,train
N242H,0.7089448856248989,train
T233L,0.5583227518631835,train
G213R,0.7520444961012448,train
E238R,0.6312424027977923,train
L60S,0.4772512700096554,train
D249E,0.7660116350981986,train
F394T,0.4533236661848547,train
N426W,0.6371182669951482,train
H435G,0.5408140119530672,train
I332W,0.4680116602551848,train
K103N,0.7273303758978475,train
F287R,0.5759012414639079,train
D130K,0.7602304322039702,train
G92F,0.4969352004129121,train
S329F,0.6008077699806664,train
S33D,0.7078695414122631,train
H419F,0.7526405600952408,train
T302F,0.6652357809144742,train
V344C,0.5778941563432236,train
Q282P,0.826017008659413,train
H34V,0.578708542941382,train
E169R,0.6281916340868527,train
F414P,0.5347625519563547,train
Q281R,0.6599015465782029,train
V123E,0.5413407711066786,train
R345L,0.6683810979507067,train
W268S,0.5592724011737624,train
K331A,0.7134125270117756,train
I116S,0.704475743751157,train
Y374A,0.6754789374677209,train
L218V,0.7468869096704145,train
H419D,0.7284867746456616,train
Q220N,0.7584905594295983,train
F287L,0.7409230216177111,train
V93P,0.5111847275073353,train
F425L,0.8480630584441955,train
G213N,0.7549787281758411,train
G256Y,0.7370433204124144,train
D249K,0.7358871193758107,train
G160P,0.505551539698603,train
A289D,0.5460349577657388,train
A118Q,0.8282177674487361,train
S406I,0.6907672180786135,train
T340E,0.6684990326877525,train
A78S,0.7644384469964829,train
K370I,0.7247306358857944,train
S122V,0.7170716637090055,train
I325S,0.6591918692493328,train
I415P,0.6042131619920439,train
V2P,0.6033951883476385,train
I212F,0.7489025613389343,train
Y374H,0.6775792236565517,train
G81R,0.7379386838734898,train
S143R,0.7660475126217844,train
D31K,0.7557034244955922,train
L351W,0.6572360958331269,train
R259P,0.6874706731497149,train
P208S,0.7028700851136788,train
P404F,0.5654994146031437,train
L86M,0.633910162527362,train
R187H,0.6111873119635647,train
P112E,0.6337066329584117,train
L232C,0.5677650862195331,train
F184D,0.5753197869161427,train
D393N,0.6451984911503037,train
D106L,0.6054379264519928,train
S61V,0.603797954327826,train
N293S,0.7735173351896274,train
G437E,0.8455693128242987,train
I53H,0.6370878618354237,train
K243D,0.6636515845350041,train
D201W,0.566502728385136,train
P404C,0.5607435844131045,train
R175F,0.5307706355168865,train
W430L,0.7654191157837618,train
K301M,0.6667429617163513,train
L66H,0.8029692656184524,train
I136A,0.8012015473384201,train
D290P,0.5417663303649876,train
K316N,0.7527085092016108,train
L64D,0.3855333501613229,train
G90C,0.6512944573527162,train
G90Y,0.6430647140946422,train
K234L,0.6740506646221657,train
A158H,0.6196413021010005,train
T7A,0.7062275851148769,train
K370Q,0.7202719162172901,train
A158S,0.703382810301904,train
I32N,0.749181129373373,train
K30C,0.7924050295899584,train
G276M,0.6082630784273265,train
S324I,0.6214327775013052,train
E45D,0.7553373127616031,train
G276Y,0.6107455968749145,train
F22V,0.7304721906212088,train
D342K,0.7134796146621571,train
P114T,0.658952165589981,train
Y444R,0.5465322861934487,train
G403W,0.52985682842432,train
W76I,0.6854296579573375,train
T343P,0.6375500470954722,train
R241P,0.4103244718200839,train
K273M,0.6387126525630722,train
F287Q,0.61016474958301,train
K352G,0.7182301454856441,train
I225T,0.7612734012058914,train
I427N,0.5642240925622315,train
D216G,0.7449356483064761,train
P404Y,0.5359455569842064,train
V135M,0.7585539894225861,train
T314S,0.7357915754333508,train
V2G,0.5600095391775439,train
D130A,0.7759513543711754,train
T16S,0.6217448928914919,train
V357W,0.6634714272555773,train
D356I,0.6376746122191835,train
F184R,0.6026564686541731,train
A163C,0.6808403076676294,train
E169W,0.5743791334656402,train
D393Y,0.5426722148869059,train
N24D,0.6903060708024198,train
L363R,0.6910906806800583,train
V357M,0.7341673354726457,train
F4P,0.6538944445037823,train
T385V,0.7766247411012521,train
T226F,0.6261250717816367,train
D58R,0.6927132965843917,train
E105I,0.6192590274755554,train
D420H,0.644990590751379,train
G358T,0.7639501214899641,train
V248K,0.7524247724312413,train
I429W,0.5610431592636557,train
L389F,0.7421076012741319,train
M436T,0.5869303212621197,train
D201C,0.5886087058500352,train
K296M,0.6698489624661587,train
V339C,0.6145670721287275,train
K398F,0.5125363943199479,train
S197H,0.7096009408490433,train
P183A,0.6442665087486033,train
V311H,0.6403176509863298,train
D186H,0.6107648878401647,train
E79I,0.6234837629875821,train
L431W,0.5287885947541466,train
T252M,0.6895174925783426,train
A115P,0.7211798202180012,train
E97P,0.4880393539645328,train
I129H,0.546671827941353,train
T327L,0.7402878602318446,train
S44A,0.7088886403160772,train
T126W,0.5629862226734741,train
N231E,0.703791500557291,train
T302L,0.6660374151395572,train
I427H,0.5213990817738854,train
V189F,0.7316729331690855,train
M407E,0.6898697080386815,train
F4T,0.7363180027145731,train
L70S,0.6262376541937704,train
L235I,0.7406557160611547,train
K441C,0.5857987635156785,train
N306D,0.5705855072480449,train
F96V,0.8231609854907872,train
L185C,0.6408656923395253,train
A328K,0.5385775027402222,train
G411V,0.5319044386977896,train
E334P,0.5221621764351558,train
V189A,0.6950132922791419,train
I237E,0.5241515890016004,train
I38L,0.7390321539674569,train
L235V,0.7661911921828793,train
A49M,0.6563009218076002,train
A228T,0.7199242516453493,train
I267G,0.5661758976319986,train
F373H,0.64612319354279,train
D31N,0.7891140064527237,train
K194G,0.6992838403030806,train
Y257W,0.5834217946100233,train
F67G,0.5349374840109333,train
I267M,0.646374512735757,train
D446N,0.7042661910514019,train
V311M,0.7040503398373704,train
E399A,0.7049636703046974,train
V167W,0.5603743163608624,train
L308R,0.6528587908166487,train
L205P,0.6740279066496175,train
G90E,0.6857159437900991,train
R345K,0.7056107543826668,train
L211T,0.7084076477771325,train
R141T,0.6454963572111072,train
S418P,0.5902974279098124,train
F409Y,0.7776060330318997,train
T413F,0.686513927418903,train
F260M,0.5822461190191883,train
Y444H,0.6225163055458315,train
T302D,0.7783053252263841,train
D342P,0.6636003420259189,train
E238S,0.71419789595924,train
I427M,0.687089450630354,train
D216M,0.7231091850653799,train
D186V,0.549607726439009,train
N365S,0.7726322350587098,train
N376S,0.7254433494939682,train
R368A,0.781531816836744,train
G72H,0.4252215313732575,train
F260R,0.5261327683083518,train
S424L,0.5335774427163344,train
R83L,0.6830452113312577,train
W384N,0.5642164948028576,train
K316S,0.8139218982588015,train
A380T,0.7291899345657008,train
G305V,0.4843478314649163,train
S122D,0.7121427302930845,train
L218C,0.6641205272817821,train
I132S,0.7181818545224867,train
G397W,0.4475795623870482,train
P128L,0.682593441215332,train
A25P,0.7115679202542142,train
N89V,0.6199300734461224,train
D410P,0.6060985784617808,train
K62N,0.6880639691867644,train
Q432H,0.6303303044949735,train
T16M,0.5383398679874657,train
T113H,0.6486389980848836,train
H277A,0.7778029127961192,train
R310S,0.770529399807487,train
T3F,0.6532940238020413,train
T283Y,0.5189738713328753,train
G437H,0.7190473000407491,train
Q214D,0.7807441777409165,train
N306V,0.557206403757719,train
L23D,0.5914646160408266,train
H419V,0.7823194206269982,train
E131G,0.7852770532355766,train
V65C,0.5751140401571893,train
L139Y,0.6349250212318229,train
K5P,0.5786156045502313,train
E131R,0.7030032118389148,train
H155Q,0.5134398780628819,train
K440L,0.6471203500327992,train
M402D,0.6156976695635752,train
E215L,0.7577722816630728,train
L230G,0.5080864798614243,train
T126H,0.6402668956941561,train
F303H,0.6746852752410888,train
K352M,0.683624215672236,train
L321W,0.5893399690064199,train
A274R,0.5200470195388518,train
E280G,0.692148202639293,train
K296Q,0.7498391687707369,train
R206W,0.6530752845921141,train
L134D,0.5110567801097021,train
T340I,0.5627022952530089,train
V123P,0.6031289984471983,train
V123K,0.5549962325025546,train
N24K,0.6528867951973889,train
R175W,0.5157399655521226,train
L308V,0.7729719523461012,train
F200S,0.6734423848998085,train
K239G,0.6274897028007644,train
A46K,0.7456008053074169,train
K194V,0.7273394917968732,train
T233E,0.5926695528908111,train
I53P,0.6891139569366571,train
E280D,0.7507641889133829,train
I400E,0.6798748343990981,train
R361H,0.6891197894173661,train
T16K,0.5565732900951037,train
C144P,0.4444268029359645,train
T35Q,0.6507478070391085,train
T343L,0.690916426492487,train
N426R,0.7318085771816978,train
D109S,0.6346027378365263,train
K57I,0.5439216085147878,train
F373L,0.7713070721399724,train
K91N,0.731174376107425,train
L205D,0.645982317244215,train
V263D,0.4300967508899623,train
I136F,0.7455708308756867,train
A118C,0.7200454945146132,train
A244M,0.603808743711026,train
A78V,0.727163013358184,train
E178M,0.6260280803106715,train
L23F,0.6801804888693712,train
I332S,0.5383690868799273,train
S61N,0.5951520854606284,train
S82W,0.6482865072410728,train
Y41N,0.4904784324347345,train
Q220G,0.75370224105101,train
C442W,0.7442409405406845,train
S324H,0.6848475749703676,train
R359T,0.7540855960269982,train
L308T,0.7241969850842753,train
I180F,0.6943912221998543,train
G408V,0.7432190207215639,train
N217L,0.7754507566473782,train
E131A,0.712933151468088,train
N378A,0.5834395038855897,train
K370E,0.7250908657112721,train
K250Q,0.7319851968426802,train
Y374R,0.6799520759323603,train
A177N,0.7440119627145008,train
F184L,0.6862640345710973,train
L211W,0.6838957932031615,train
H401L,0.6853799618323627,train
K338H,0.6592768709476059,train
V147F,0.7294575790557609,train
E219Q,0.7273832000966165,train
R206E,0.7663407889580591,train
R221P,0.7895405683893143,train
L47W,0.6509778228491473,train
G72M,0.3892077565190044,train
T385N,0.661524812105085,train
L320Y,0.5554478049072697,train
N24Q,0.637370334666269,train
T283H,0.4959892087597268,train
R206K,0.7823719129533782,train
K239W,0.5517180111661978,train
I447K,0.6307571347539211,train
E178R,0.6517624327267857,train
R73F,0.4734916218758024,train
G145W,0.423205102982125,train
G176N,0.6362951104925826,train
L235N,0.785892944839537,train
K243P,0.5101819080033692,train
Y39M,0.6188666837006055,train
N376Y,0.6718653414294885,train
C88N,0.5289223322658008,train
V153Y,0.7144138954566792,train
L321Q,0.635888340860383,train
P369C,0.6943383485732827,train
D342Y,0.621187770944844,train
A163Q,0.6377558432822283,train
I132W,0.7037229653784042,train
L70E,0.5568542659696414,train
V147E,0.499577497763019,train
S59M,0.4412519563182253,train
R259D,0.6306534775907172,train
C270D,0.5392916356324425,train
V167D,0.4955164530110327,train
R255E,0.6302185411721402,train
A279Q,0.7276163934082521,train
A71H,0.5426087919550326,train
G152E,0.5824126765917806,train
P182I,0.7436656009182147,train
A335F,0.5598695596405306,train
D58Y,0.6153773491581539,train
K234S,0.7417726078724478,train
V104A,0.6842981778831574,train
P355E,0.7102141209849744,train
W396P,0.5168048663761767,train
S143C,0.641400494102734,train
V288G,0.7405232777945979,train
S33G,0.7336766868594039,train
L218E,0.767217447526401,train
D159M,0.3574004006453509,train
P12V,0.5499363648374993,train
D124W,0.4530824585080804,train
G81I,0.6676738708286234,train
D315W,0.6825462588471761,train
G391E,0.7565199011836898,train
S284E,0.7331287514229282,train
L379D,0.4359123131681247,train
P209R,0.6917275296723285,train
R361F,0.6952890429288312,train
F184K,0.6008291651580853,train
I180S,0.7837641246863666,train
I9W,0.5877408807361326,train
G160R,0.5389867508236673,train
H286R,0.7942617567508332,train
G371Y,0.7604392223033419,train
V288H,0.6699305465849366,train
S362G,0.7451818623135441,train
F360I,0.7851973367816263,train
F40H,0.526432922170305,train
S102R,0.6670267126089501,train
K194D,0.7316400001303128,train
A71F,0.5272392026088341,train
P94L,0.802590221452964,train
A244Q,0.5363369404475625,train
L21C,0.7093954553513323,train
C26E,0.7074268448286751,train
P202G,0.6834192103303218,train
V84L,0.7780661158450584,train
Q432L,0.620624943617551,train
S424D,0.582517986055815,train
K188V,0.6877964094300801,train
R345C,0.6140581352285173,train
L47S,0.7218481441288669,train
D445H,0.6713416750440981,train
G403P,0.5433144938763493,train
L351E,0.615190865119992,train
R141K,0.708763796278337,train
K398L,0.5818074260876124,train
G160V,0.5688823099032153,train
F166L,0.6369274474325852,train
G176A,0.6054495914134106,train
F67A,0.5739938790498087,train
K30I,0.8312698424658876,train
G395N,0.5302098559128449,train
K194T,0.7373478380432272,train
N426P,0.5763032872104001,train
F229C,0.6488136830004492,train
K243E,0.7023112579078405,train
M436E,0.538614728936708,train
R206G,0.7119069667357129,train
I29P,0.6817632518425655,train
F373V,0.7552575468798501,train
S44H,0.7063518007134125,train
A335E,0.6365209531838574,train
K331F,0.6411024020862615,train
I32V,0.7512189600030389,train
V204Q,0.7455259080642218,train
Y347E,0.7199624275617569,train
F67N,0.6065227819860751,train
G160E,0.5347160192107474,train
V336N,0.6023177328617195,train
G367H,0.7101904238841765,train
N365V,0.7833976598966443,train
I116L,0.7916308489786723,train
M402E,0.6076340178445259,train
R141L,0.6081198225331111,train
S272D,0.5645826559646494,train
F360N,0.6722746813074242,train
Y374M,0.6821309876329263,train
A115Y,0.7306560055580293,train
F184N,0.6241087846127974,train
E215K,0.7362205663933844,train
I325H,0.6167009974677969,train
S329M,0.626546846282488,train
G108Q,0.60492945558535,train
L308A,0.7338937667073862,train
T252C,0.6806044876213404,train
Q220R,0.7506877805916506,train
G176I,0.5220208270418986,train
V147L,0.7201198445214222,train
G403V,0.6178320044472948,train
R259I,0.644414114289449,train
L285V,0.6876484014056988,train
K370L,0.7345881214174447,train
K316I,0.7682204011915458,train
V84D,0.5711701392974069,train
G408D,0.7075447795657209,train
T35P,0.6406693227408399,train
H165T,0.6611985886078082,train
A313T,0.7263210178017064,train
V344S,0.5906752822774807,train
E334Y,0.572006937873495,train
T340Q,0.6045124826424673,train
E215T,0.7388170724149233,train
M1Y,0.432406610961892,train
D393I,0.4706597477193127,train
V227Q,0.6806624946782696,train
F110K,0.5389869909015658,train
T126V,0.6255368526860275,train
P133S,0.6523677820865592,train
F394M,0.5520583286483353,train
V65H,0.5417555692262462,train
V311P,0.6782949382384558,train
P114I,0.6280083134280585,train
S383C,0.5702726998686215,train
I95W,0.6708960410368118,train
G318K,0.6163098823267978,train
P355D,0.6950932240970893,train
S324F,0.6108808172206471,train
R11T,0.7338608619130721,train
R187F,0.5526825170620207,train
D51L,0.7013088550096391,train
K301C,0.6070952406737639,train
G146V,0.4916552660483736,train
G358W,0.6278972844611498,train
I427T,0.6525531645908341,train
D124E,0.6425802510178422,train
R221W,0.6699739018289469,train
A428G,0.7235846946487914,train
F425N,0.6370352777145531,train
A78R,0.742253519208574,train
F303N,0.6465920374339628,train
K250A,0.777501014838845,train
A392L,0.6956190158779922,train
T3P,0.651118663842149,train
L431Q,0.5601626382655949,train
L64R,0.4764351746217495,train
K223H,0.6648585338026667,train
R255D,0.6198201036464126,train
I225F,0.692585815220326,train
A265P,0.5026649277812715,train
T340M,0.5553584535623663,train
G375F,0.580805439795176,train
V65I,0.6344504507766612,train
E191T,0.734212145306276,train
A177V,0.7734262150355017,train
A52R,0.6291421307311909,train
A265K,0.4763671054764303,train
E251D,0.7490321928124138,train
H435S,0.5988181314585528,train
C442V,0.7922905971657839,train
P128E,0.7596981230142363,train
L246V,0.7509155156616543,train
Q28C,0.5599959112262507,train
F443R,0.4762521222853122,train
A228N,0.7072236012348686,train
I309M,0.7401627090356165,train
P404E,0.5332559784103383,train
L139K,0.6375833049455193,train
T314C,0.672161216255958,train
S272C,0.7696911395806644,train
E105R,0.6316399717975902,train
I129K,0.5385878119676253,train
P128G,0.7718647801591371,train
L431D,0.4640164815807439,train
P208C,0.6166690388628473,train
A264Y,0.5771004588110181,train
D130C,0.6953035676416862,train
A228H,0.7268965374826001,train
E178C,0.5998147936705358,train
I267N,0.5222851386858394,train
G108R,0.6289734124575127,train
E334A,0.6830490808220913,train
N323G,0.7626188330542594,train
N217Q,0.740588338905072,train
L389P,0.6229481209517289,train
S317N,0.6576864184205473,train
F350V,0.692558905312358,train
K273L,0.6762458521920223,train
Y347T,0.8176000470072525,train
T210F,0.7477896308129652,train
S59W,0.4367577827930149,train
G256W,0.714615257263429,train
A63C,0.6138720042460883,train
I447G,0.6409540480672618,train
L308F,0.7547024055758642,train
G375D,0.6558340479674176,train
T16A,0.5828473729324591,train
Q28L,0.6313884972601008,train
P161K,0.7163002016268634,train
G213Y,0.7437747022008212,train
T37V,0.7225949099624869,train
E105F,0.6146228549345389,train
D109T,0.6024302446627067,train
E312N,0.7749737430465442,train
S162D,0.524804219585135,train
L387V,0.636261782031389,train
D247W,0.5925075850427476,train
S154P,0.5913886243248592,train
G90D,0.7347772251291453,train
M157A,0.7630848807440269,train
G150T,0.5823333096630059,train
S198P,0.83427594256549,train
D372L,0.7012670743941979,train
G276H,0.657150197373292,train
I400Q,0.6292443897936922,train
R73G,0.5646863978612293,train
L23K,0.5973953168546294,train
I9A,0.6602606325031057,train
D18V,0.708423097496008,train
Y39C,0.672584099351811,train
D193C,0.6986714933786794,train
A98T,0.6098523376260077,train
T7S,0.8040616694841058,train
D193T,0.7543795643525095,train
Q282N,0.7299937506752135,train
N253C,0.6660914185444743,train
E169D,0.6914369648040831,train
L66A,0.7471731390142587,train
I180D,0.7488764281535789,train
I132R,0.702693214783126,train
C88A,0.5596195961815783,train
A265I,0.5203649391652888,train
G276W,0.5633661106421644,train
P36M,0.5563397649110792,train
V2A,0.6477983582624206,train
H87M,0.6879772728209729,train
E131W,0.5981345308261209,train
G375M,0.5804836224334469,train
S319W,0.6439938296837908,train
E131L,0.6591486340442716,train
D201A,0.6552463513942933,train
D364F,0.8125356884732737,train
I416M,0.7348773023072168,train
G403N,0.5470423246275459,train
E105K,0.6700731881621765,train
I325P,0.6928045261857946,train
F40N,0.4641217769225489,train
F110T,0.559168193243615,train
S418K,0.5511979035825959,train
Y125K,0.577712191418444,train
T3L,0.6783327646296876,train
I149W,0.5481207404250585,train
I129S,0.5828337308589366,train
P377V,0.6213018644355149,train
S154G,0.6067597388718243,train
V336F,0.6212803845247202,train
G92I,0.4786287805019223,train
L389W,0.6095991119320826,train
F439V,0.5792932879685785,train
K103S,0.751544802200124,train
E105L,0.6360072570923665,train
P94V,0.7648065711481501,train
F4H,0.6735744206828296,train
P183F,0.5570916606444994,train
V288L,0.7310517527902451,train
I309A,0.753735251762044,train
D193W,0.6620077852866917,train
I120N,0.5951263265143498,train
R345I,0.6293101287711738,train
K223E,0.7354592440718934,train
K103E,0.7117247334885761,train
F439H,0.4474621501724873,train
P182M,0.6838565404667684,train
V311D,0.6096969366145777,train
F22S,0.7683739451298203,train
Y257V,0.6024153739552334,train
D446M,0.6514110646002059,train
L389R,0.6045464748484388,train
G411I,0.4750887047895265,train
P121K,0.6150067112496679,train
I332Q,0.4741146946333716,train
S424V,0.5475711315044085,train
P112L,0.6380940989188851,train
L60M,0.637144393119389,train
L86H,0.4952001433187381,train
F287K,0.5651396790556922,train
N378S,0.6619090920870935,train
E79G,0.7325052126317915,train
K296T,0.71365834912698,train
L66E,0.7693169640537338,train
S322M,0.6667398830703597,train
N323H,0.7000908833419928,train
G367R,0.7410211781725952,train
L351M,0.6947428304043325,train
L320T,0.577002365806166,train
D341K,0.6338593154406977,train
F439L,0.6559366600856519,train
S329N,0.6119458875114531,train
G145R,0.5380715597526275,train
S322H,0.6874541007136087,train
S148L,0.5965265031846744,train
G50C,0.6566264321322963,train
R141S,0.6189835733926816,train
L139S,0.6089613096893333,train
A25W,0.6689415244990152,train
F287G,0.6324777589297308,train
K316G,0.7404973635037969,train
G367E,0.7279473054856629,train
P69C,0.4621441846620446,train
S258Q,0.4622001934235251,train
S272W,0.587532916787176,train
I278V,0.7749916288499771,train
H277I,0.8006164421943759,train
F291S,0.7686768740098348,train
K370H,0.6995068303040329,train
K330T,0.7413333853572724,train
I53S,0.7531795490994427,train
L354V,0.7418528291960964,train
A313H,0.6171605348098481,train
V156K,0.6850701624877844,train
G145C,0.4720371169892864,train
G437K,0.7726568218599548,train
G160Y,0.5074268022854593,train
K234M,0.6379011892663831,train
R269S,0.6172662255740742,train
A428V,0.7107455016381306,train
T35I,0.7673040803421605,train
R187N,0.5418359953222198,train
I149M,0.6786092990631042,train
I278W,0.6564208972067826,train
Y374D,0.6581370305136688,train
G276R,0.6797258590020084,train
A98N,0.4399610150916859,train
P114V,0.6389169094268324,train
L230Q,0.5548781282987569,train
L66T,0.7153279496882587,train
P209S,0.7231698824069944,train
N376V,0.6660335809542969,train
V263G,0.4930271276489128,train
D193L,0.7138457581711622,train
W268Y,0.6082186216494293,train
G367Q,0.7247325353256379,train
I180K,0.752465755140726,train
L211M,0.693712733814436,train
A118Y,0.7623661863717365,train
V227T,0.7638979151387278,train
V137G,0.6120466213731879,train
T271V,0.8112779556689788,train
I332M,0.6298487082307254,train
A25E,0.8111729215884163,train
V135L,0.8213038911519501,train
L232A,0.5530734486140386,train
V204A,0.7420890517259209,train
L54E,0.789379800930743,train
T283G,0.5249130737287284,train
G80F,0.6346343998746603,train
G50E,0.7891259891643012,train
A71R,0.5189078357885781,train
Y41R,0.4694964714458201,train
A163L,0.7184842714716884,train
A49P,0.750837737483678,train
S317D,0.6775813490520642,train
C442N,0.7293829571960375,train
H401W,0.6570851009572445,train
E334L,0.6370054586273453,train
A118P,0.7716323176728688,train
T127A,0.7805159766373454,train
E312M,0.7301870769334806,train
F304Q,0.5772645873601675,train
D410C,0.5397713960068791,train
L70V,0.7002686115979767,train
D349C,0.5888426970676274,train
I173L,0.7617981479418247,train
G437N,0.7822201837215712,train
N426K,0.6726835763351364,train
K194I,0.7169753783495063,train
S272P,0.5453071969222254,train
R221G,0.7579714686465074,train
A289F,0.6604157934366373,train
Q28G,0.5912796572034311,train
P377T,0.6365876383507033,train
A335S,0.7104514026819979,train
Y125D,0.5748732420250653,train
L387K,0.5533114646669868,train
A262I,0.6028204983477172,train
D58E,0.7817129979777965,train
A328H,0.5372290557958945,train
P94D,0.6831499488450046,train
L196E,0.6839122879670065,train
M402I,0.7100207029322168,train
E79W,0.5408410983889017,train
K62W,0.5305559917534619,train
E97C,0.5833771118764569,train
F425P,0.6379771315545477,train
I9L,0.7559099691605022,train
Q117P,0.680330728205985,train
E334D,0.7269684302215076,train
A158Q,0.6131553858415077,train
L21Y,0.7666143047649587,train
G326A,0.7117027451775259,train
L348R,0.5906531386219079,train
I20G,0.7023012593694824,train
A274V,0.6399009110602307,train
L246T,0.7578089994593031,train
D315A,0.884736023657502,train
I400D,0.6175460434258075,train
R141G,0.5216308275570157,train
T113L,0.6472584230688544,train
G367F,0.7892444746682904,train
I9Q,0.6464676770825766,train
A98M,0.5517830863989013,train
S197Y,0.6940213045250635,train
F414T,0.6756985451947513,train
T252Y,0.6789864331970772,train
Q236L,0.5399609445688033,train
G50D,0.7862587317622518,train
P297Y,0.5378871940488636,train
H435V,0.5658141708502131,train
R55N,0.7050805776495602,train
G256E,0.7124923048965408,train
T233I,0.523261577865437,train
A264F,0.622820583098746,train
A386K,0.8073556547589403,train
T343K,0.7528617706952989,train
K441H,0.6601241623400782,train
R259H,0.6265556020646661,train
S424H,0.5481354134213213,train
F409R,0.6352515836626034,train
F373M,0.7316390256964899,train
I416G,0.643193685353901,train
V311S,0.7224756971636876,train
A25Q,0.7544973931728354,train
I225C,0.6696345517195178,train
P69Y,0.4932080334064935,train
K91H,0.7502226508467889,train
K172D,0.7166276219830748,train
P404V,0.6171044554372211,train
I309H,0.708949404738281,train
T140S,0.6230631465095349,train
T140V,0.5357800727010423,train
F291L,0.7923988440535166,train
D186P,0.5202132523001698,train
V137P,0.547111848362485,train
N253L,0.7087355659419275,train
R292K,0.5554068080755556,train
I32P,0.7740220954405166,train
G395Y,0.4602669732075422,train
V10Q,0.554178739013946,train
L230C,0.6190416581218721,train
P128S,0.759026999371408,train
S284K,0.8005973383486642,train
T140N,0.6329671647867925,train
S317Q,0.6382750187986952,train
D341R,0.5973104281341909,train
A6Y,0.7030775653762811,train
A25V,0.7215154208755459,train
E45Q,0.7119541067371808,train
H266S,0.5363278033651929,train
T199N,0.7193460204964264,train
T283L,0.5789726286296536,train
F107P,0.4839831672594324,train
G375N,0.6395804494325162,train
A346F,0.6734481255860267,train
A346P,0.6384397687259347,train
L23I,0.6545384675885468,train
V248A,0.7615006137534102,train
E280T,0.6739795450753134,train
K370F,0.7101983958826273,train
N217I,0.7627192844714078,train
N253P,0.7235022631962543,train
G276N,0.6981124931755319,train
R206V,0.7653163483210049,train
P404G,0.5836546136825819,train
P224S,0.7050387723202176,train
G405W,0.5762612877004044,train
I447V,0.7286035478293459,train
P369E,0.7398207251304194,train
L218M,0.7007844048405215,train
A244H,0.551979159430771,train
S284F,0.6957510092943254,train
F360R,0.6876662589646731,train
G405P,0.6396033062606696,train
L139I,0.6973677927179499,train
S406F,0.6882269962020268,train
S254L,0.7409500586257429,train
L134V,0.6467069641361635,train
I53N,0.6725129091938121,train
P388K,0.5829982407082777,train
E251Y,0.6733201923106228,train
T226H,0.6511170962746946,train
K239P,0.5352239251882175,train
D446S,0.7143566298167894,train
K440P,0.5280533067624059,train
T126F,0.6127354754749266,train
A6V,0.6906341725561961,train
T210H,0.7048247534654404,train
R187P,0.5742206820526772,train
L232S,0.5236684251698979,train
Y390D,0.62244309590904,train
R73H,0.6122286851535728,train
A228E,0.7381831078879916,train
Y257R,0.5179599517566641,train
R141C,0.5723074306689518,train
K301D,0.7638462524933204,train
G375S,0.6555340494499868,train
I20N,0.7409113566562933,train
F200K,0.6368121747357662,train
K330L,0.7267195259297542,train
A313S,0.7105945173539201,train
L387A,0.5973748537443457,train
D193F,0.6962486413499657,train
K194W,0.6030547296432078,train
E131P,0.6619583080562713,train
D364I,0.8042278634092932,train
G397L,0.3935728528682361,train
E85I,0.7390528500945244,train
P17S,0.6716767461180434,train
V227Y,0.6971471893737525,train
G375T,0.6246202917587439,train
F373A,0.7102931631024747,train
Y125S,0.6161264910568569,train
K5L,0.6256515534325593,train
S203Q,0.6831320418582276,train
L190V,0.6444906285279012,train
S324V,0.6555903689005124,train
L70M,0.7126799328352775,train
A307F,0.5866209738288797,train
K441A,0.6637026222717641,train
I447Q,0.626732977264917,train
K30A,0.8542001344561566,train
S383Y,0.5122410985048805,train
S148M,0.5628886521911068,train
H8V,0.6871670169748905,train
K5Y,0.5866025301973886,train
A49E,0.7371278984438079,train
S258D,0.4893606862285675,train
I415K,0.5436620419398983,train
Q220V,0.775155891560305,train
S258Y,0.445412873475958,train
V104M,0.7551769972143699,train
H87A,0.74127264564897,train
S272A,0.733656061343483,train
G318S,0.6636848635683951,train
L190M,0.635003943310374,train
I149H,0.4964169993302683,train
D51A,0.7427059742526216,train
T283F,0.5383450367233966,train
A289L,0.6830324589581823,train
E337C,0.5998615100051241,train
A386D,0.711936157383716,train
V104K,0.5847514307448977,train
A52Y,0.6563623605662541,train
A262G,0.6354880039036384,train
L218F,0.7262468478533213,train
G405H,0.5971299319212604,train
H155D,0.465221616141939,train
G367A,0.7594079676906412,train
K370T,0.7283668910409697,train
V84T,0.6567232753198537,train
N231R,0.7587444912349893,train
A392S,0.6694226476685812,train
L348G,0.6480864305571912,train
T3A,0.6998971546001901,train
A380E,0.7055973523870428,train
H266P,0.4424686711074623,train
N242K,0.7742175329720669,train
L354W,0.6634399135008511,train
G256P,0.8144081831031835,train
E399N,0.589492545571986,train
S148R,0.5478073822786917,train
P183Y,0.5284429108248678,train
W268L,0.5996025648083247,train
D27W,0.4332543683879319,train
G176L,0.5639114405273307,train
L134E,0.5359837999812032,train
F40M,0.5545700377439262,train
L320R,0.5063665900415393,train
N366G,0.7670378692583762,train
I381D,0.509336438378479,train
V248F,0.7502031480480988,train
P17C,0.5565944734390827,train
S284C,0.7057598427575911,train
A279T,0.725974994938924,train
T35V,0.7709649081763514,train
I38A,0.6601090586158213,train
P183L,0.6268327508150581,train
A158R,0.5751534552992196,train
Q28S,0.6059010225958326,train
T37G,0.6293699646567998,train
S148N,0.6157433267309645,train
D48N,0.7123392305223911,train
I400K,0.6550307261359309,train
F439C,0.4890891157587566,train
S197W,0.6513810266184437,train
A163D,0.5854866340032625,train
E337H,0.6254042167082603,train
Y444Q,0.5634356061326449,train
V263M,0.6634817152996364,train
L230P,0.4842440330794192,train
G81Q,0.7198285135222362,train
D446K,0.6487795142666111,train
K194Y,0.6714694882805528,train
K440Y,0.5903161963525778,train
F40Q,0.4583473103317058,train
Q214V,0.7714532478050995,train
G421E,0.6479201624902999,train
P224I,0.6411354339806393,train
D109W,0.5237856820399364,train
A115M,0.6885011510398031,train
W268M,0.5474907195306642,train
L230D,0.4961194157140511,train
E337Y,0.5964697177005813,train
D393M,0.4751300829214321,train
G408P,0.7127630703992804,train
D58V,0.6373084722407357,train
G276E,0.6719411707398187,train
I400S,0.6432574189748193,train
T340D,0.7715419777719129,train
E99F,0.6427670457450492,train
P297R,0.5695834503444619,train
E399R,0.6143996248556881,train
A264N,0.6022864662460065,train
D410Y,0.5953095200730804,train
K42E,0.6755577748128961,train
H401Y,0.7592892562309829,train
I415W,0.599729099983026,train
L164N,0.6419166121565532,train
S418D,0.5872697349215807,train
T199G,0.7163093316481183,train
T314W,0.6828311818848085,train
N231T,0.7123287694810229,train
P69K,0.4782716575668949,train
D186I,0.529858240647252,train
I278M,0.7155475927208624,train
I136M,0.7315533814367827,train
T343D,0.7427044066851671,train
K57A,0.5538780626295079,train
E280K,0.6705580254780533,train
A386Y,0.690936571852611,train
S322I,0.669632722890821,train
D18M,0.6749050877404442,train
P195H,0.6873538470076707,train
S362I,0.7184015187384344,train
K412G,0.6286516798291596,train
P355K,0.6887895128402747,train
T226Q,0.6633383746720452,train
G358F,0.6769725256238782,train
K273C,0.5657911233719639,train
P297I,0.5797126052015282,train
R333Q,0.6783073163724541,train
N89P,0.5887982120452715,train
S59K,0.4254179150941722,train
P36N,0.5950646971056003,train
I309E,0.701495339047801,train
V10P,0.5558100542115401,train
V167P,0.5119119093394467,train
F260Y,0.7201861801630924,train
G150H,0.464781680454183,train
K103W,0.6018329449736453,train
D124Y,0.5466975162764849,train
I29C,0.6723180647958933,train
P202N,0.7362454144558718,train
A244Y,0.6016415887663682,train
G145I,0.3948458306190813,train
K250E,0.7697108965794821,train
Q28V,0.5822733607995454,train
L211D,0.6960530979016955,train
P224N,0.6938335106501323,train
F287V,0.7741617042690102,train
S61G,0.6873279750835577,train
E238P,0.5535474894856008,train
S82G,0.8094454057646988,train
E238L,0.6725604093121278,train
G437A,0.7821812416742231,train
Q236C,0.5364614137767831,train
N245H,0.6390343287025081,train
T343S,0.7662538807588278,train
R333P,0.5163412618320815,train
L190K,0.5432108508353748,train
I95C,0.6736882034844555,train
V227A,0.7526438894108028,train
P69Q,0.5738220962523682,train
G213P,0.7803331926232652,train
D159E,0.5424815789133242,train
T127Q,0.7235768991782071,train
S162W,0.4707563437678569,train
V311C,0.6901511570079013,train
K296A,0.7093856404019554,train
R333T,0.6117788356608346,train
I416N,0.6260591774596327,train
F96H,0.6310117867930075,train
L379Y,0.5585491735658604,train
I9G,0.5871008613033801,train
E215N,0.7355617714567518,train
C442D,0.682046261318125,train
V189G,0.6347388973105087,train
T327S,0.7662559567265378,train
V10A,0.6460035217715379,train
S322T,0.7257212890892021,train
E215A,0.7364044872469248,train
E169S,0.7803111231093963,train
P297H,0.5717936357218556,train
I382H,0.6552462666609173,train
I149L,0.7889812363137779,train
L70T,0.6458221782248483,train
A262C,0.610153028132675,train
H277F,0.8127213181165618,train
R345G,0.635015749494085,train
G50N,0.7725007288592881,train
F350N,0.7141903193832102,train
A428Y,0.6299148285083985,train
S322R,0.6979567249861397,train
A265Q,0.4889231230753371,train
R359V,0.7669071609649112,train
R292P,0.4948105392562762,train
T302S,0.7704389963564993,train
P36S,0.6806916923873874,train
G72E,0.4861528783275969,train
R206I,0.7563969530552357,train
D372Q,0.7026770589527847,train
L240R,0.4435980540305884,train
K412C,0.574128379161846,train
L230V,0.6985979589306136,train
P224C,0.5948396452591673,train
I29V,0.7555972818200282,train
S59D,0.5160179757585032,train
G50W,0.6124274414090132,train
A264P,0.57832101484663,train
N24P,0.722879402272125,train
G397P,0.4381881104229361,train
H401P,0.5826726103446324,train
P388Q,0.5919658563260578,train
L60H,0.4636812763456201,train
V147H,0.5529455859497814,train
I95R,0.5743149620556132,train
T126P,0.580189809452458,train
L320G,0.5288627929469905,train
L185V,0.75306995353881,train
K398R,0.7007626142406818,train
K412I,0.6546818152772528,train
F304C,0.6341798547406734,train
G353K,0.7385490748691302,train
G411Q,0.5338028476185004,train
K172P,0.5543671719197539,train
M436K,0.5553349541727789,train
V204R,0.7184437936319018,train
P94I,0.7355695245606482,train
G150M,0.4973780735243666,train
Q138P,0.3664162860429446,train
K441M,0.6017444974514182,train
G80N,0.7424419591754966,train
I278Y,0.7131962274169632,train
A380S,0.752821931886389,train
I95H,0.6225352434553487,train
P377R,0.5516310182335907,train
S122F,0.7058854670485013,train
V357F,0.732492919231169,train
L119F,0.6661288636355145,train
L321H,0.6054614258415802,train
K91C,0.6917443492474479,train
I38R,0.4908918183313702,train
R73C,0.5705084563648786,train
R269L,0.5961108153646596,train
L74W,0.543332076051852,train
L164A,0.6782303714060077,train
I415C,0.6181804139668322,train
D193M,0.6742656402579793,train
P297K,0.5746962340027766,train
A163M,0.6987264818090916,train
E99T,0.6698048022550771,train
Y68Q,0.5429963200497847,train
D446A,0.7141998095213128,train
R292L,0.4593497626577097,train
G421N,0.6201667196428264,train
K338N,0.7342576400680282,train
G395T,0.5080801531026893,train
L321S,0.6975150098974894,train
F287Y,0.6605933522258693,train
I38C,0.6122275977419152,train
G391T,0.6961059644671523,train
E105A,0.7002700450042526,train
R187T,0.5349025456155972,train
V93Y,0.5215028801593825,train
P377H,0.5607796384645568,train
L151P,0.5300372681483332,train
F425K,0.617663964040624,train
A52Q,0.6571832857565872,train
K172L,0.6610476360986138,train
I278F,0.7368444935458274,train
P94S,0.713350533955621,train
I267A,0.6649617602378763,train
I129A,0.607549242101922,train
R361V,0.7176513035503032,train
Y347M,0.7696419024281425,train
W170H,0.4185703850307286,train
P404L,0.6098255195125302,train
L379H,0.5133423781916613,train
W384D,0.4834459294116661,train
K42W,0.5641820930522358,train
E280L,0.6300398526045626,train
L348V,0.7767717711612531,train
G353H,0.7073863634583313,train
V2I,0.7435052994932109,train
F304L,0.7034790568252726,train
L320N,0.5287543201035886,train
K301A,0.7444221075595077,train
I400T,0.6802128923245444,train
C270K,0.6092890725096058,train
D341Q,0.5988177501583611,train
K57Y,0.5274270706254691,train
W170M,0.4698713883897899,train
T343R,0.7632964529225745,train
S143T,0.7524448401191041,train
A335D,0.594203523561707,train
P209I,0.7156972177405009,train
T302H,0.7358606048902637,train
G90T,0.7050049107448672,train
L23V,0.6560613593705417,train
E131M,0.6407035055969074,train
I116Y,0.7075197902809404,train
H286S,0.7934391580763257,train
G367L,0.8089104204125089,train
W396C,0.6164364881126456,train
A171L,0.5688351840239767,train
I382C,0.668180872983417,train
C442F,0.8404287295575689,train
R73A,0.5114372329675652,train
I400M,0.692078926043367,train
K222G,0.7189306186515554,train
S82K,0.7827540251731862,train
D372W,0.6470322908718784,train
F394Q,0.4364466983255685,train
S102V,0.7295520779532513,train
S258V,0.5077711587251821,train
P182K,0.7117388698401248,train
A63K,0.5425384491307931,train
N242V,0.7423674149880344,train
T271P,0.5887126878245136,train
D201P,0.7018631913465538,train
P121N,0.5919871526478714,train
L190Q,0.5590055898952321,train
S272Q,0.6164401034033514,train
C88I,0.5339064624150164,train
M157R,0.5865105238733731,train
H8Y,0.7046711389160193,train
F291P,0.6754975011381612,train
S317A,0.8101882526796826,train
D216T,0.7496741646433697,train
M1S,0.5007095921541744,train
V147Y,0.6721093806132413,train
E312R,0.7487503943180185,train
A63E,0.5774266540638362,train
E334N,0.6697233876030512,train
Q138E,0.473397454850701,train
K338P,0.5908588995030908,train
G371L,0.8023325296040167,train
T252I,0.7216497938875195,train
M1G,0.4453185934730221,train
A264T,0.7357923027281608,train
L285W,0.5321433868178729,train
N24E,0.6522668575747286,train
K103A,0.7254423115101132,train
Y257H,0.6010777446385642,train
D420S,0.7305772776601314,train
S406L,0.7040211844949407,train
I267T,0.6542120393189449,train
V288P,0.770276516577623,train
W396H,0.5559038116919912,train
P404I,0.5987757506483654,train
T340V,0.5867333020408857,train
N378Y,0.5905221125782831,train
G437Y,0.6724637144079783,train
F409W,0.6302446108074637,train
L235K,0.7773485088844255,train
P355I,0.6314988201155435,train
L205V,0.726892918661337,train
Q138M,0.4421632355317436,train
G421L,0.5566975798353433,train
V84H,0.6166404413484756,train
L86D,0.4478947140565386,train
F260L,0.6380761566265349,train
F22I,0.71464055017614,train
L218A,0.7435423491618302,train
G108F,0.5798414987885259,train
L54T,0.7776785877503064,train
A392H,0.6053171249023952,train
G72D,0.505324454251148,train
F67M,0.5897959757911414,train
D249P,0.7588624330331498,train
L21T,0.7118121359658335,train
R175C,0.6140994851159642,train
V65L,0.5917228974928479,train
K338G,0.7114175750008805,train
E251G,0.7326124391884559,train
G367C,0.7010098591704901,train
S322N,0.726349700049454,train
G256T,0.7413201104617122,train
R206L,0.7616463622211004,train
V147R,0.4829646155920044,train
A77T,0.7640550002260043,train
I116C,0.671189409167577,train
N24T,0.8005808824209498,train
L205R,0.6465666668489906,train
P297T,0.6020499189049076,train
G256F,0.7267213265139925,train
S174P,0.5574306788815395,train
F4K,0.6934778105297088,train
T111F,0.6512551975552083,train
G326K,0.6386009598513855,train
S203Y,0.686079986617493,train
L348K,0.5884447044009498,train
D247L,0.6957940573798481,train
L387N,0.5454919580484102,train
D372I,0.6914841612944684,train
V2K,0.6008903991444139,train
A279M,0.6594415573248134,train
Y347L,0.7825976779723918,train
G423W,0.5279506240330251,train
G408W,0.6394948546006117,train
Q282M,0.7182094987863793,train
P182T,0.7440598582552372,train
I20C,0.7078345182835512,train
V123H,0.5648091200340144,train
R175H,0.6020485914153515,train
L379A,0.5725746091254444,train
L60I,0.6343040738697663,train
V2E,0.6047298943628385,train
D27A,0.51511488743799,train
I180Q,0.7294057292908149,train
T210L,0.7904241397889081,train
E280M,0.5947965865819727,train
S154Y,0.5708747869934222,train
E169F,0.6571147223332419,train
A428E,0.6062406339665041,train
L230Y,0.6700640652020362,train
I382M,0.722545051431875,train
Q282S,0.7772742259582058,train
K42T,0.6603295136766107,train
L351P,0.5589951112010771,train
P161D,0.6484050421728648,train
M402V,0.7123866635601175,train
L387H,0.5582721095488443,train
L389S,0.6549621556514709,train
A386V,0.6906015925731563,train
I278L,0.7935398636936019,train
P15L,0.648926886790673,train
L348Y,0.6166137785795207,train
S162V,0.6045181174119656,train
I416S,0.6669824959089512,train
S100G,0.6480179377449924,train
F360L,0.8061462941206214,train
Q220T,0.7642811394840948,train
L151E,0.4900499357527271,train
D130E,0.7627717697366732,train
A228D,0.708797375409101,train
N426C,0.6969101195101688,train
E101N,0.7778437436916388,train
D186A,0.5837006662723923,train
F304N,0.6108284378721017,train
V2C,0.5354521121695593,train
M407L,0.7845378498557571,train
E99N,0.6139967600198953,train
I278T,0.8147177847365514,train
F142E,0.3294582989364004,train
P161T,0.7507743710407221,train
A46L,0.7027715649113897,train
A46V,0.723281991724446,train
N365Q,0.7395895442364618,train
K412T,0.6748147337172592,train
D130T,0.7772099980592615,train
T283W,0.446100767266103,train
K296L,0.6889758980228313,train
V153N,0.6535061679308765,train
G213K,0.7685043356731257,train
G160L,0.525754532640492,train
L218I,0.7423567315215543,train
E334T,0.6446378880741286,train
P112R,0.6044599055827113,train
R141Q,0.6250452296389628,train
N323A,0.7212004245505781,train
P195S,0.7220624666115745,train
D18S,0.7624758384212864,train
K103F,0.678672418367047,train
V227E,0.6805243369088385,train
E101R,0.7079929485131702,train
D410A,0.6446570943060028,train
E97W,0.545647655626656,train
K57Q,0.6516919910469409,train
L285E,0.4556910602190314,train
S272L,0.682730688100972,train
M436H,0.5126127955805655,train
I416Q,0.6356730051077217,train
I278K,0.7741570757083508,train
E169K,0.6366917050585575,train
D249I,0.7136307684131193,train
P12W,0.4271568699236383,train
R175Y,0.5457264576662579,train
S198A,0.7623516828422254,train
F394G,0.4138339022948569,train
A392P,0.6122213415943267,train
L246M,0.7093508432289125,train
N378R,0.592412966106308,train
L351D,0.5668974305723823,train
P112T,0.6416135561764749,train
T210G,0.7156426635686403,train
T199C,0.704518357578128,train
K5E,0.6611624427618653,train
R241C,0.5400596871962041,train
G326D,0.6962837421509389,train
S329T,0.7305143807813003,train
L285F,0.6879446645934746,train
N253R,0.7038488932972448,train
A6P,0.717055055967326,train
D124I,0.5229337726784765,train
I180E,0.7748539371141135,train
M407D,0.6929677862178408,train
V344K,0.5265473687167089,train
P133R,0.5542454100585625,train
E337F,0.5942510307411373,train
M157Q,0.6271643548817054,train
G81L,0.6780587651364338,train
N24Y,0.702571071621743,train
P94N,0.689121533512687,train
T192W,0.6565796522476761,train
D27I,0.4630354667988467,train
T111K,0.6691363406524755,train
S424T,0.6321352383798196,train
Q214G,0.7741691713977628,train
L66V,0.7278089782494799,train
S197P,0.7906427307154275,train
K57V,0.5463458303997455,train
G146A,0.6200140442216551,train
W170C,0.4809856958419441,train
R11G,0.6749573399889258,train
F443N,0.4636613357578212,train
D249M,0.6917466652930563,train
T314Y,0.7303827333595855,train
H435L,0.5727024153007845,train
D216P,0.7642695804393969,train
T340Y,0.5625360624916909,train
K194A,0.7288108162585085,train
R83I,0.6507318701033217,train
S406V,0.7103946525034782,train
G358M,0.6863940014475232,train
G375H,0.6089476958602694,train
T127C,0.7477194574554774,train
P94R,0.7095375320393995,train
D393T,0.5221779792097642,train
T233R,0.582973314973529,train
F142A,0.4176159200399517,train
L190A,0.5831493485619946,train
L47Q,0.6920209754753551,train
D109G,0.6338949599474997,train
L240Q,0.4540995414636592,train
H34S,0.6030872813817889,train
T283E,0.4930430857680437,train
K234A,0.7380395236519445,train
K234D,0.6656225181643842,train
T199P,0.7330044899271474,train
I309D,0.6866089982666808,train
L86A,0.5742440402199714,train
T210D,0.7159751573357348,train
Y41Q,0.4606018959980796,train
R83E,0.682385279555165,train
L190H,0.5799172927932827,train
L21S,0.7085027186249103,train
L232R,0.4839044499532064,train
A264K,0.5611558405313947,train
K301W,0.5958982334467156,train
D109H,0.6344588181975329,train
P182G,0.6684063979245323,train
F291A,0.8022661869012317,train
D216R,0.7244549770305956,train
V65D,0.6240973314848194,train
N75D,0.7391527860503027,train
A52G,0.6510424602927418,train
Q432T,0.6054793610728157,train
K194P,0.7742303065284862,train
P300A,0.6244444276370301,train
D356Y,0.6489087044204244,train
F414K,0.5584336678522576,train
E433G,0.6815165647408152,train
I32G,0.7502965030450144,train
L240K,0.4339654508786193,train
I427S,0.6091801195104072,train
E131F,0.6464640900363295,train
S322D,0.7444477535279516,train
S102E,0.6618498140295255,train
R255T,0.6634221901030554,train
K330M,0.700444631064213,train
I429N,0.5791401747582983,train
T327D,0.78646173527816,train
F110H,0.5940458912380445,train
S317E,0.6997544353506888,train
D51P,0.6694665889851082,train
K103V,0.7385098150716225,train
S319Q,0.7803395899931468,train
G92P,0.5186405584764803,train
E169A,0.7776124356976173,train
N306Q,0.5460559998874246,train
A77N,0.7744078158899157,train
T140P,0.4424392403815608,train
H435K,0.6120213567049355,train
A289G,0.6554497821076384,train
I427E,0.5079677684017659,train
L164C,0.6451542179613875,train
F360C,0.670856823605992,train
H34I,0.5871008471811509,train
G367K,0.7382977062483607,train
E261D,0.6535292507146989,train
H155S,0.4796671032903974,train
R55H,0.7084085939664969,train
P128M,0.6580851030764615,train
A13L,0.619079731652117,train
G152R,0.6327317331018097,train
P69E,0.5387606539322647,train
T327R,0.6980209175795107,train
S82I,0.6614032479551041,train
P388I,0.4468677172959777,train
D315T,0.8342555147607796,train
I32C,0.710976318884683,train
K223N,0.7027085832991827,train
A346S,0.8519962687763832,train
I278D,0.8017484800966141,train
F166C,0.4834405912089834,train
C442A,0.7396409632734136,train
A228F,0.7061334569259061,train
D247A,0.703830184873954,train
E251S,0.7497406132628746,train
S44I,0.6499098716235602,train
I173K,0.6569108891363611,train
V93G,0.5386361806030441,train
H165L,0.6647773027396219,train
Y257P,0.5970674128120637,train
L348T,0.7037278304864047,train
W268T,0.5405712225866092,train
L119S,0.5426208947055594,train
G92T,0.524188052597703,train
A46R,0.7244197561906732,train
N426E,0.6260762371126504,train
Q117K,0.7562345615402927,train
I173Q,0.6955041739091674,train
N376T,0.6939934131221578,train
D186M,0.5006624521527065,train
W268H,0.5456271642719136,train
V135P,0.5998090600454321,train
P94H,0.6919510916235684,train
A386G,0.817933868263903,train
Q236K,0.6301481418589833,train
S383V,0.5235610114936949,train
F107D,0.4481938793624395,train
E85P,0.6019707214428847,train
L190S,0.5812210711262734,train
K243H,0.6535263344743445,train
S324M,0.6111455948981555,train
F287M,0.7171774392066074,train
T7W,0.5916727494565349,train
N245I,0.6681402574518946,train
D27F,0.4685288445373177,train
D193V,0.7221507517281643,train
R255A,0.6588889544915476,train
N378M,0.5503877960199214,train
Y41E,0.4088806433389333,train
P128D,0.788610439530212,train
I267Q,0.4977350834815594,train
R361A,0.7218875769236838,train
K103T,0.7695366000252228,train
T413I,0.7166472907179594,train
S254Q,0.7165018176337409,train
K338M,0.672972891386087,train
M1T,0.505741879105369,train
P209A,0.7151157702538504,train
P17G,0.6090494606447446,train
P133L,0.5842056630706225,train
T113A,0.6902887004603571,train
Y257D,0.4590152917785106,train
Y39A,0.6142975352599387,train
S59L,0.4849329154256165,train
H34N,0.6387164726261031,train
A118H,0.806387173455564,train
L389K,0.6002445048642646,train
I415R,0.5591698879111333,train
I415Q,0.5819874280225167,train
K222P,0.7329868547932848,train
L389G,0.6188386793198652,train
D106T,0.6062621844884454,train
N426A,0.7384210144936625,train
E101D,0.7703359923464014,train
S198V,0.8004787928252003,train
S329W,0.539298202469076,train
S319G,0.7419700860661348,train
V156P,0.684132785394484,train
D364N,0.7462627141956143,train
F373N,0.6755514339319317,train
G50R,0.7423061245127884,train
R368N,0.7635083781568552,train
D315P,0.7381185587083302,train
F425I,0.8006411631567995,train
A380W,0.6635546283696121,train
Q117S,0.7243919212766847,train
A228C,0.7026278676975081,train
V357C,0.6543419144008802,train
V156A,0.7568057068606546,train
D168T,0.7992134481393023,train
G423R,0.605500911594757,train
D446L,0.6987562903046274,train
P207N,0.7077651569542492,train
G72P,0.4231956975773984,train
T314E,0.7310633259571724,train
R259E,0.6227696865842791,train
D124G,0.6008890010437113,train
Q28T,0.5942229698714797,train
Y125Q,0.5942197217587363,train
L139M,0.6530152439341629,train
M407C,0.7087418503339747,train
T16Y,0.4881736846098184,train
Q220C,0.7057595744352341,train
K239S,0.68380847545928,train
N242Y,0.6794533070372598,train
R206S,0.7642794165721178,train
F107H,0.5602580056801884,train
K30V,0.8420489588051473,train
P128W,0.6095106644098556,train
I237D,0.4670172293554342,train
P298D,0.6350631154512221,train
I136G,0.7362671838723676,train
I173T,0.7430700523855888,train
I382Y,0.6837938589519346,train
Y347A,0.8333509506673027,train
G411R,0.5818782490676488,train
H419S,0.7985066235007546,train
I9H,0.655041451969099,train
G353S,0.8033997994320391,train
D109L,0.5971143409800919,train
L47I,0.7324159566119359,train
P36C,0.5827171801003642,train
S258A,0.5669934617317538,train
D356W,0.5886746142942686,train
D349F,0.6002242818318794,train
N253S,0.7563461377435874,train
I332N,0.5243440467427644,train
Q220Y,0.7672321699504664,train
D109I,0.5854790221216593,train
I149T,0.5626995414182916,train
E334Q,0.6670329052065066,train
K398H,0.5982375807334641,train
H34T,0.5786408550962543,train
T252P,0.7380816855675774,train
Y347G,0.7908760016993244,train
L196Y,0.6709547330218629,train
L74R,0.5316155967415213,train
Q28K,0.6142043003019724,train
G213D,0.7526074928952896,train
D51C,0.6290602500455974,train
E334M,0.6130518557783677,train
L351K,0.5993058850147841,train
G318H,0.56615906393465,train
K223R,0.6932098588811609,train
P17D,0.6157170735066599,train
S102G,0.7116936928285322,train
V227I,0.7262159484155706,train
E14R,0.6866378076144922,train
D58L,0.6430169456539695,train
N365T,0.7612288173279301,train
P128F,0.6577394332694121,train
D247E,0.7831238863590597,train
S154R,0.5573890183050474,train
L119I,0.6314234497776662,train
A289K,0.544037085983932,train
I278N,0.7807142668592182,train
D130L,0.7460906348313582,train
A289T,0.718534705483145,train
G176R,0.6022686298703761,train
S319Y,0.7065501791992186,train
F229V,0.7270861672473429,train
S203E,0.7003929154604455,train
F394E,0.3628273756615623,train
P195G,0.6989463966946096,train
L232H,0.5446930776580445,train
T327N,0.7431772754116959,train
E97T,0.6260310883455165,train
G176S,0.6325329768463693,train
R275H,0.592023531510598,train
L139H,0.5957458687145893,train
D106G,0.6357500206853147,train
L205G,0.6261955981948575,train
F303M,0.6289759120921022,train
P183I,0.5885461302519213,train
F40R,0.4623726823324315,train
N24H,0.677487633938301,train
A52F,0.7161213753675498,train
S44K,0.7042040073451515,train
P182E,0.7516182872203871,train
R359Y,0.7164991061657116,train
D124A,0.5858217545050104,train
S162I,0.5810747365860665,train
G421D,0.6391296819948723,train
S102T,0.7145838847309961,train
V248C,0.707614345667348,train
G408L,0.720326322105743,train
F291V,0.8289162599719853,train
M436I,0.711021488835161,train
T199F,0.7659571232930259,train
L56F,0.6446525328259327,train
A244C,0.6076833326693091,train
D48T,0.7313228466348165,train
S383T,0.6614670874927422,train
P298K,0.6514083954988645,train
F40V,0.6137373629117577,train
A438C,0.6410185301663338,train
G90N,0.6979067605388078,train
T3Y,0.6528400506183418,train
Y39K,0.526837566406992,train
A52M,0.6767837820290252,train
M407V,0.7888342486204649,train
G437W,0.6287187321739678,train
A262D,0.5048146417727198,train
L230R,0.526094920733776,train
T302R,0.6823376735201295,train
E85Y,0.718444266726584,train
V357A,0.7331251290711078,train
Y125M,0.6007455333160561,train
L211H,0.6866416206164085,train
F373I,0.7675946558020779,train
G397V,0.4596109956556589,train
K194Q,0.7182576273438996,train
R292D,0.4360696912916594,train
K296E,0.7795929830346067,train
N426Y,0.6390740969002714,train
D201G,0.6429003595898237,train
G405Y,0.5923665887052234,train
D124F,0.5040857370286316,train
S154H,0.6658372184167262,train
A328S,0.6976586259085524,train
A380I,0.685707957669419,train
E131K,0.7398329832254686,train
P417A,0.6816752844761352,train
G371M,0.7681274910448539,train
V339S,0.6632833827110756,train
S317W,0.5892908236483887,train
L60G,0.4122763051343097,train
T385P,0.6609396434110089,train
N376E,0.7110197376787254,train
C88V,0.5710521339492145,train
L431H,0.535439049107439,train
G50K,0.7779576641850006,train
P297A,0.6292055819075226,train
P417T,0.6570998516257686,train
E85A,0.7459480426819208,train
D446Y,0.6835557299211519,train
K412P,0.5624938511482553,train
L47M,0.7115958293099065,train
R259W,0.5930217189233474,train
P114R,0.6345344286133087,train
I53D,0.6294227394277662,train
T140Q,0.4653105861866508,train
L60V,0.6006837626850133,train
D27V,0.4951020785583446,train
E45F,0.6530933045567255,train
P209G,0.670730613242565,train
R255Q,0.660561323009773,train
S258H,0.4577282482872633,train
D364L,0.815398984589999,train
S61D,0.586830872523253,train
G326S,0.749559816952571,train
S272I,0.7011971905424111,train
F229W,0.6238896923471372,train
Q28W,0.532411384363666,train
S102A,0.7627396204816277,train
K103P,0.6675196137177684,train
I267C,0.5843286535657646,train
Y125L,0.6595893040879522,train
E45P,0.7840195075508202,train
T126D,0.6471396621813934,train
E101F,0.6785339781530295,train
S162C,0.6358994762382013,train
D420Y,0.6271774885549725,train
D31Q,0.7800029584128617,train
G371H,0.7225876511366167,train
A115S,0.7428598994910878,train
M402F,0.7289149959441973,train
T327I,0.7287328686137804,train
Y41C,0.5661454924722741,train
H87Y,0.7182182757519012,train
N75L,0.7482803076706657,train
H401S,0.6616745854081312,train
A228S,0.748293808521895,train
P404R,0.5751361273238447,train
D349Y,0.6193740106666734,train
H165D,0.6512897334670088,train
R359E,0.7447938964296832,train
H286L,0.8108718427204425,train
D130H,0.743699162396192,train
V135H,0.6209987872720926,train
R368D,0.7625848337871731,train
C88Q,0.5055421342938763,train
D420E,0.6902727423412262,train
F96I,0.8380354071103618,train
D186Q,0.5739717212720066,train
V227C,0.6776940161975739,train
I32R,0.798609567491378,train
K172N,0.7245522544767046,train
S322K,0.7213741138489767,train
D27S,0.5225972399537967,train
L47A,0.7243661941054222,train
S362Y,0.7140289164243194,train
L86P,0.540259968652411,train
A6Q,0.7654190875393031,train
A52K,0.6349650789352872,train
P202A,0.6982975720518766,train
R187D,0.4889008099530125,train
A274I,0.5796359779852416,train
L54P,0.7324450519348911,train
T127H,0.705499499460089,train
N366M,0.7715512843210344,train
N245M,0.6683373190398166,train
G50Y,0.6982543297857008,train
D48W,0.5888241263360725,train
A264H,0.5414424511577778,train
L299Q,0.5430578788473877,train
E433M,0.6482498953615625,train
I382T,0.7437303937063318,train
L230K,0.5209996768842758,train
F96P,0.5777428790227549,train
E337M,0.6551161938677716,train
C270M,0.6091066839179465,train
G276S,0.6898265010780791,train
I132T,0.7158150536219414,train
Y390A,0.5923522405202348,train
N75P,0.68602123108241,train
E215P,0.750768439704408,train
A346H,0.659440879457806,train
D445C,0.6024084540628669,train
Q138K,0.6302339344020983,train
E219R,0.7161994677651284,train
K301E,0.7745303156375889,train
N253E,0.7497380465476957,train
P17T,0.6279024955637686,train
E312G,0.7667765727103952,train
I381Q,0.5597509894031655,train
G305S,0.57469554201354,train
N306P,0.490118654520595,train
I325D,0.5935119015030217,train
A98W,0.4628060653057834,train
H286T,0.7964445167588888,train
P183H,0.5800561849186385,train
I415L,0.7774663253478008,train
N323I,0.6437112015084229,train
G371R,0.7423020290662858,train
S319T,0.7474441163504383,train
T3Q,0.7226669333320155,train
L354P,0.7096645120643243,train
A228V,0.7321766483750051,train
P377E,0.5560712730872599,train
A392T,0.7025871215353645,train
P202F,0.738730686738177,train
Q282C,0.6777626572931805,train
D420N,0.7472238801842032,train
V204P,0.6832124608930866,train
V137L,0.7570557056251802,train
I447N,0.6388811448810813,train
S319K,0.7636293068065167,train
W430S,0.8589149254477938,train
M402W,0.639933978260182,train
L285A,0.5999922818486212,train
A158V,0.7121359021952086,train
K250T,0.7814711830451615,train
P300M,0.5318765472948839,train
D159T,0.4115409041647345,train
E215M,0.7154960889505348,train
D342L,0.6384520974321304,train
F184Y,0.6874717252557992,train
E79F,0.5990474482182402,train
I225P,0.7112224057916873,train
K5A,0.6209881956001031,train
P161H,0.7184353132331955,train
G108E,0.6648153480254081,train
S162H,0.5220461199546095,train
V336M,0.6616436082981192,train
I415G,0.5793596483241501,train
N365P,0.7585497245093317,train
R55T,0.7195222871016758,train
L232W,0.5604461702636392,train
R368Y,0.7247871459864158,train
P224R,0.6837755847871952,train
K398I,0.5499259849989496,train
Y444G,0.5486339422385234,train
G80A,0.7205556600487744,train
S203T,0.7393994096020209,train
N306Y,0.52863374450966,train
V137S,0.6342270300477146,train
G403I,0.5650623316057102,train
G421R,0.6316345912282196,train
L190I,0.6678766872249932,train
A78W,0.6219697329044851,train
G391A,0.7154507354110757,train
K331L,0.7546589514762486,train
K5G,0.5772612121473601,train
P202E,0.7137043028611851,train
H266M,0.5528878825207826,train
S203A,0.7276245631179133,train
A335H,0.539723055615919,train
A171D,0.5935606090719441,train
D31Y,0.7673963620496477,train
D201K,0.6647273947812073,train
I173P,0.5285369931165933,train
F260D,0.5736604108488911,train
D124N,0.6721266520996989,train
G160Q,0.4939299052803809,train
A279K,0.7195793056025526,train
L86E,0.4885854040833944,train
G371T,0.7623778936998421,train
I225Y,0.6630538470568337,train
K103Q,0.6863710951915672,train
K57F,0.4861446874345917,train
I120R,0.5920031672559195,train
F67P,0.534459813726436,train
G150S,0.6323668429406567,train
K234V,0.6677928082439509,train
E19H,0.7914755150478315,train
L119Y,0.5872979793802194,train
K331I,0.7180087830716209,train
E14L,0.6690955556542013,train
W384H,0.5675224521975976,train
N75T,0.7891710885036325,train
T343Y,0.8549528069121894,train
A13Y,0.6252304003097979,train
K243L,0.6799837662149528,train
N253K,0.735310388713753,train
T3C,0.6465371443285984,train
R241M,0.5400211052657037,train
R206D,0.7447387491241911,train
C144Q,0.4755536650676363,train
R361M,0.7023150638486421,train
F22T,0.7508816717390905,train
I416D,0.5538647877339478,train
I267R,0.4505851399641658,train
E334I,0.6098497815025008,train
A313G,0.6732179191258922,train
F425M,0.7768900730762611,train
K331R,0.7488691340221355,train
V2W,0.5237713056104892,train
R221I,0.7577321462873472,train
I382R,0.6274048988137018,train
E337S,0.7278132572849637,train
G405V,0.6708641954096967,train
N376D,0.7052961464190053,train
H266C,0.5351873627365097,train
F142W,0.471151568477588,train
G92W,0.4844574482088931,train
P209E,0.7048703117772246,train
G395L,0.4860629479712914,train
V181K,0.7128315031920047,train
D247K,0.6979127307112526,train
F443G,0.4963842922471647,train
K250V,0.7591682428479455,train
I332R,0.4672971884294609,train
D290C,0.5432628488837286,train
A307S,0.6823198724500725,train
L387W,0.5843825298706179,train
N365R,0.7415655901128556,train
I381V,0.7780382173810381,train
G256V,0.7260316815674118,train
D364P,0.7264616399001538,train
G256R,0.7704525466355312,train
T283P,0.5467739175371026,train
H435F,0.6019367009924544,train
F67E,0.5608126703589347,train
K352P,0.6360462979953198,train
P15F,0.5887010511075544,train
I149N,0.4834616050862105,train
V104T,0.6493373846914129,train
G146T,0.5271466596401044,train
V123N,0.5540299330836082,train
A313K,0.6336372010179632,train
G421P,0.5461597417840045,train
S100Q,0.5314251019902326,train
S319D,0.8661445324254722,train
S284T,0.7552332460537489,train
K30P,0.7939923399209935,train
R55G,0.6460017635539876,train
D372M,0.6809409779793323,train
N231I,0.6271170454134857,train
R368E,0.755656602244284,train
N24G,0.759123976720144,train
L66S,0.7435462398360075,train
T226C,0.6278131300966359,train
L74D,0.4455647721745168,train
H34K,0.561428230090506,train
G371S,0.7654393741217204,train
R269G,0.5783046613050782,train
I415N,0.5831863488028113,train
L240A,0.5114741484750059,train
H419Y,0.7596700127167763,train
A392Q,0.5658931706010255,train
K330F,0.6786928249884134,train
F4L,0.7731878635796072,train
G326N,0.6605535134169594,train
C270E,0.5857099488154891,train
W396I,0.5980192793126458,train
D422C,0.592240576053007,train
F4V,0.7980688802891005,train
A98C,0.559262346146487,train
Y41M,0.4581819107819178,train
A313N,0.6330975906356712,train
F303K,0.5603468486248363,train
I212Y,0.7273831506688139,train
V311I,0.7374004504085565,train
P209N,0.6878474259834962,train
P208F,0.664046915161455,train
T233H,0.5412833642444954,train
F166P,0.3673806083497862,train
W396D,0.5224582348506064,train
G326W,0.6839494859190336,train
L185Y,0.7057671439501492,train
S383R,0.5199835259958321,train
L64H,0.4843167625604138,train
H277P,0.7528499503893586,train
T314M,0.702722426614473,train
L56N,0.4859286738149231,train
G81H,0.6883781887891196,train
S272G,0.6548930626445261,train
L299D,0.4748344199284024,train
F96C,0.6598884482105092,train
M1P,0.4718867717359528,train
M157H,0.6475299723553213,train
P369I,0.7586825723205387,train
C26Y,0.8106284249147798,train
G318E,0.662179010256074,train
I381Y,0.6231549974890279,train
R73V,0.4969128872905875,train
V135F,0.7449513239810205,train
H43W,0.659166470419902,train
H401K,0.6338906950342452,train
D216E,0.7650743074327008,train
P209Y,0.6673003661075856,train
N365H,0.7247309677581835,train
T35R,0.6200324313642289,train
P388G,0.592064132919891,train
A77W,0.6340276171086109,train
T127S,0.7778170491476679,train
T16N,0.5704849569752912,train
K398G,0.6313223487379691,train
H419A,0.8050655940525163,train
G305R,0.5466646397266295,train
D168R,0.7524627047391931,train
R345W,0.623853200506576,train
C442E,0.7051183122463015,train
R221M,0.7218427600289389,train
F229Y,0.7294056092518657,train
M402P,0.6237381325820821,train
E251P,0.7297743583121803,train
C144I,0.4226716216473577,train
A78C,0.6479409645340873,train
D27E,0.6049396659571479,train
L211Y,0.734940993561447,train
P121I,0.5228507622145375,train
N24I,0.6378198452255036,train
P36I,0.5774622138372623,train
E79Q,0.687701430376793,train
H277W,0.708188541389243,train
S198K,0.6956333852463247,train
R141M,0.5706450889335432,train
F110Q,0.5317922093413888,train
K5F,0.5754101268170986,train
A13I,0.6092977294361785,train
A346W,0.6389235256912685,train
I29G,0.6991730443529557,train
T35A,0.7113058046169326,train
L164Q,0.6249092608150761,train
F414V,0.7025170894001699,train
I427R,0.5026234084270726,train
G160M,0.5108897706257717,train
T111P,0.635784789613899,train
P377C,0.5762330291195363,train
L205T,0.6756924232083414,train
D106A,0.648591519149912,train
F260G,0.5025924807448633,train
A262V,0.6711837673369639,train
M157S,0.688781766797493,train
V189C,0.6573692190278057,train
L389A,0.6930703700916165,train
V137H,0.5316473011463431,train
R241Y,0.527191172906919,train
S59Q,0.4667131212692716,train
A163N,0.6422297937750535,train
P183K,0.5706459503895316,train
G276F,0.6099565596783844,train
E434H,0.648841404936603,train
M402G,0.7112483695102908,train
K370S,0.7409962948045344,train
H43C,0.731507604230444,train
L23M,0.6234003853456808,train
L74F,0.6444860952922896,train
M402T,0.7142713527350445,train
A13G,0.6620765817268208,train
G391R,0.6543932981322587,train
P209T,0.7188388559359956,train
I212S,0.7564136525914058,train
T283N,0.5335257553570256,train
L363H,0.6528155485504727,train
I416W,0.6213651743895535,train
E433L,0.6813662477319402,train
L205I,0.7403173827522366,train
T233F,0.5121245053796201,train
S122T,0.7453105652504459,train
G391D,0.7917510715168679,train
R255I,0.6519089720393179,train
V181F,0.6610082209565835,train
S100N,0.5992975528994857,train
T314A,0.721459235586199,train
S424Q,0.529101049077837,train
E434L,0.6019880635404888,train
E433C,0.5932599044430474,train
K42Y,0.6260820272266714,train
S100D,0.5570854751080575,train
L64C,0.4963148956122895,train
S148A,0.7322686935351512,train
N376C,0.6899926491060211,train
A313V,0.7307319407850794,train
H435T,0.580078498040963,train
L230F,0.7648693797630478,train
N75S,0.8016400425587856,train
A274Y,0.5521417627791538,train
V65Y,0.5169561436966454,train
V123M,0.648685961558485,train
K223T,0.6931643288138354,train
T37A,0.6869314228842707,train
G305Y,0.4711433493401241,train
N24A,0.7577206225482227,train
V339L,0.7003079702510897,train
P69A,0.5492930408030862,train
F414L,0.7136020791042571,train
I32D,0.7384495978858048,train
T271I,0.7946995034930447,train
A71N,0.5737996983966678,train
L23C,0.6114198768359956,train
L64T,0.5099404743709257,train
V263C,0.5269544702212975,train
S258G,0.5428539256115578,train
A78N,0.754842667557464,train
E433K,0.7089047290658292,train
D58Q,0.7323495856646923,train
R310G,0.7634005125693141,train
G371P,0.767526900876361,train
K62C,0.5670672927466353,train
E280C,0.5897978116809529,train
G146R,0.5374345624769494,train
R83T,0.669950225911493,train
P208Y,0.6422839807689519,train
I427C,0.6129468287589198,train
E178G,0.6610533626626027,train
D422N,0.7155808505709095,train
D27L,0.4905966072496787,train
V263W,0.475213884230213,train
D58W,0.5450846023436939,train
R241V,0.522146260682713,train
A171H,0.5329408691075359,train
D249N,0.7440668416976357,train
I278E,0.793720303417615,train
G371D,0.7263539790849378,train
D18I,0.6982458564481091,train
K239A,0.67875347996334,train
E45R,0.7067321864906861,train
K296D,0.799493237746577,train
Y41K,0.4303079629516624,train
F166R,0.3698069203246832,train
Y68N,0.5730176375814213,train
P12A,0.6287427399638107,train
I173E,0.6466076071917873,train
D249H,0.6882774549273848,train
I53V,0.7553974099084715,train
T327Y,0.7917528120816314,train
R187K,0.5642823326359444,train
E14I,0.6603683286238949,train
G326M,0.6244091220637318,train
K338A,0.7082034050356016,train
M402R,0.6555218125382817,train
K91Y,0.6937729933669415,train
E99I,0.7046684698146779,train
V104R,0.5788297257911712,train
T37M,0.6754831529531727,train
P121F,0.5661464245394092,train
A163V,0.7154343147889347,train
N89G,0.6188941514366315,train
P112G,0.6095119918994116,train
T192A,0.8138849262624434,train
H266I,0.5730755104771721,train
K188N,0.7253201542265009,train
R333F,0.5902141914902043,train
K352T,0.7068827082718864,train
L431V,0.6673433612347484,train
T413C,0.7542185003271225,train
A98P,0.4677453432546807,train
E131S,0.7459515944225946,train
A380G,0.8035840274440672,train
D315C,0.7890371956474558,train
I180L,0.7313694111554396,train
L379N,0.4856860821596755,train
L21H,0.760349362558183,train
K62A,0.6644482124297932,train
H419P,0.8726072317399639,train
A428H,0.6114306520969662,train
E312H,0.7528619331009361,train
L285C,0.5892309030293867,train
H165S,0.657471520456995,train
D422V,0.5918611823623429,train
V357T,0.7196498814435759,train
D349I,0.6133526027739524,train
L139G,0.5526262964671004,train
A118V,0.7170438994061636,train
I29Q,0.7739393321155905,train
T126R,0.669860034293945,train
I225G,0.6510568296610743,train
L56M,0.6784181899948403,train
L295G,0.5652542668243893,train
I225Q,0.6700390406116823,train
H34G,0.5473198970448175,train
K239R,0.6864647396941838,train
T127E,0.7120293640972236,train
R221F,0.722151401350713,train
I136P,0.6332708209616169,train
Y125V,0.6260758134457708,train
V93K,0.4890473704488886,train
D201V,0.6659871541254095,train
D349G,0.700251509578271,train
P133I,0.532333161335466,train
I225H,0.654594066805377,train
R221A,0.7615704834829676,train
G305D,0.5537139623248173,train
P195L,0.7139246520052548,train
D48G,0.7223825081029667,train
E238A,0.71260550162565,train
R310D,0.7014397257087415,train
E79R,0.6775541425772805,train
T37H,0.6058714224031793,train
D216I,0.756228827915189,train
V153A,0.7027624984401667,train
F260K,0.5057684006520308,train
R275A,0.5751506590978144,train
R175Q,0.6583519002327625,train
V189D,0.6254265863195022,train
A49G,0.7367075855936911,train
K330R,0.7382712623739602,train
I212N,0.7382215238822974,train
V339I,0.71498226575898,train
G145S,0.5590125239098279,train
I32M,0.7260077373276009,train
L211P,0.7108397498660505,train
N75F,0.7139016751381522,train
L299N,0.5144444769677424,train
A328G,0.6711607410420588,train
W268I,0.5401606752580667,train
A77E,0.7723202044018991,train
T385Q,0.6953108052842123,train
G371F,0.808640894135392,train
G150I,0.5147120932133439,train
W170I,0.4949195346221628,train
V248D,0.7744452821642999,train
G276V,0.6073602301847119,train
L387F,0.7142555358382069,train
R359F,0.7328189732616939,train
Q236W,0.4812611640470471,train
N323P,0.6324380754653434,train
Q236Y,0.5508748858313747,train
I381S,0.6190380569533956,train
K243N,0.6922595493563614,train
K57N,0.5933112387466233,train
Y41V,0.5071949152800358,train
L321E,0.6810638343132959,train
V311A,0.7513499013132878,train
S317C,0.6976796256635502,train
K30S,0.8415427474951955,train
V311L,0.7293909786222909,train
E45G,0.7308000593582012,train
L205Q,0.6418134633936048,train
G403E,0.5671201522509776,train
D315E,0.7914067927494063,train
R141H,0.6446274729300056,train
D216K,0.7471362588123913,train
Y41G,0.4471197990893278,train
P121L,0.6015549347672647,train
Y257C,0.6443012564938435,train
T140G,0.4668856384226367,train
Q138W,0.3377263558026178,train
D315F,0.7447149390455587,train
L354D,0.7972634154093147,train
G160H,0.4972161762874497,train
D216W,0.6866948614209424,train
F107L,0.7337070708357845,train
F142I,0.551315499386138,train
R292W,0.4737790939758269,train
F4S,0.6962747039241745,train
L54Y,0.6997516391492836,train
A63P,0.6020783045858394,train
L185E,0.6455772069739604,train
S143N,0.7756788447731148,train
P224G,0.6592149379109259,train
G72N,0.4688383755595389,train
V84C,0.6375405852018283,train
G80L,0.665043951612515,train
N217K,0.7542617143488396,train
A98E,0.4767795310614722,train
T413M,0.6939122809147182,train
G367M,0.7691334174392703,train
F229A,0.659868451133793,train
E191G,0.7339960469532314,train
T111Y,0.6398357087274633,train
D410E,0.7401387453777403,train
T192S,0.7840323905545168,train
Q281E,0.7446102156540412,train
R221E,0.7869983976450815,train
H34M,0.5669560660685162,train
E238M,0.6396297642572994,train
A63T,0.7429209092870259,train
T3I,0.6895785076701169,train
T327H,0.7631948364215073,train
G358E,0.7824569464266673,train
V156Y,0.6888155048033369,train
E238Q,0.7136705789775706,train
W170G,0.4063148884717372,train
V104Y,0.6504612317006458,train
D130M,0.7035406968256942,train
L363P,0.6788563745261607,train
L23S,0.6372482268104595,train
S272Y,0.6317730314422371,train
E97L,0.6389609778434234,train
V2Y,0.5708220687113731,train
N242S,0.7980536000369769,train
I38N,0.5346315259127299,train
K30L,0.828184968571142,train
V123W,0.5365993738350038,train
K239T,0.6811270312894999,train
N323R,0.713909625953259,train
P369M,0.734350345442395,train
A392F,0.6250585327789816,train
S198F,0.7744605624164234,train
E85C,0.6815398734803068,train
V227K,0.6931606393814257,train
D159G,0.5100245298798345,train
W396Y,0.6365616040209532,train
A307V,0.6750575230837172,train
R83C,0.6396012373540744,train
S418G,0.7109926441817762,train
T111W,0.5652531794127317,train
S418V,0.5953932084040268,train
G423M,0.5327929246331865,train
Y41A,0.4767176192081362,train
A52W,0.5854103033537914,train
D18C,0.689546450209562,train
P94Y,0.6985584025662901,train
N231Q,0.7170339079289203,train
Y390T,0.5853438723870732,train
T385W,0.6188481412135092,train
T140I,0.564467743384678,train
V137D,0.4723236005332585,train
D168M,0.7340676395947658,train
N253T,0.7349683977474413,train
K223A,0.6941965649214739,train
P300N,0.5976490933154979,train
L389H,0.6053468521951124,train
V93H,0.4918390244962768,train
H8T,0.7608165682707547,train
T283R,0.4665459423185893,train
E85W,0.6670686556300285,train
A307T,0.6668093926830695,train
F107C,0.5752825465974276,train
F303Y,0.8212276381747403,train
I32S,0.7633524969896284,train
Q281L,0.6274071724926221,train
A46N,0.7714850086988387,train
T226P,0.6891328666017158,train
R255F,0.6302824018931222,train
Q282G,0.6981225905694953,train
E19N,0.7502470399368234,train
L235S,0.8272057190679096,train
V204T,0.7286002326360131,train
V10K,0.5652280983334605,train
A392K,0.5665508428204271,train
T314N,0.7164668862995195,train
I95S,0.6228634581869594,train
G318T,0.620511104327008,train
E433R,0.6738547681181625,train
R368K,0.7666083204702846,train
S148K,0.5155110300926269,train
S154T,0.6666834788864582,train
L66N,0.7404155251848913,train
Q214H,0.7498079868883998,train
A313F,0.6604421808221205,train
A171M,0.5748383318741879,train
A6R,0.7770049715340033,train
R187A,0.539351090217877,train
L232G,0.4670598219990614,train
N245K,0.6712227446898853,train
K188S,0.8079234954776415,train
A392G,0.6310525294245938,train
D290F,0.5207797372848564,train
V227G,0.694527106290365,train
R310C,0.6994224076171619,train
R255P,0.6510953339193135,train
I400W,0.5686465534069582,train
I95E,0.5590079624297577,train
L379R,0.5048638153752099,train
D393V,0.5238984480410512,train
E334F,0.5692363259477925,train
M1N,0.4763420243971591,train
I309V,0.7587880230068662,train
L74V,0.6579220619389697,train
L54Q,0.786263561564679,train
A71S,0.6551276469957497,train
I20P,0.7490848863805617,train
D48V,0.6939732148036738,train
T127K,0.7704655108420463,train
L66M,0.6753338245003501,train
A63W,0.4759888274418825,train
A158K,0.5427774113731056,train
E14M,0.6264927863886536,train
Q432V,0.5699329190311982,train
N75E,0.7656152170600901,train
T252S,0.7692956394874616,train
W396V,0.5917306647189735,train
E312F,0.7565933720817237,train
P224H,0.6524348132480234,train
R73N,0.6005929849949486,train
G405R,0.6492749008877894,train
P195D,0.6889888481071171,train
F200M,0.6327979946017761,train
T35H,0.6320712929254615,train
Q281K,0.6947136291646574,train
A380Y,0.6660319922034985,train
M1Q,0.4589619944850593,train
S324T,0.7010886188434041,train
S148W,0.4972673834909616,train
F142N,0.3998482914219534,train
G80H,0.6814376991511814,train
L230T,0.5978051015827887,train
T113D,0.6690282773537239,train
H87S,0.761432834113792,train
V357D,0.7145684561954647,train
E219D,0.7474704754914628,train
Q432P,0.6448993752722054,train
P15G,0.6322786637407867,train
S82F,0.6559553579172707,train
I180R,0.7129218325012885,train
V2Q,0.5735839107326682,train
L379G,0.497173781355033,train
K91T,0.7111154157823639,train
F40G,0.5040652315516598,train
E215W,0.6749252966506002,train
G152L,0.6681839939960966,train
T140M,0.5340112634787952,train
L70C,0.6049276761844558,train
K30M,0.8643137548609717,train
P377D,0.5331850424524672,train
D51K,0.7441441962087324,train
P112C,0.5737156993766763,train
R269V,0.5628557332745634,train
M402Q,0.6354611293012437,train
S284M,0.710689814157367,train
N245F,0.6406141260075453,train
T127G,0.74354110640565,train
T385R,0.661804926523634,train
G408F,0.7104499339701488,train
L139E,0.5717815188490997,train
A177E,0.8339973604088221,train
G437R,0.7184907571055033,train
F166M,0.5520738772228159,train
L351C,0.6161707218790851,train
E261K,0.542967411846368,train
A158G,0.6930714151365861,train
K5W,0.5201364838615898,train
N378K,0.5852337331206117,train
G358L,0.7008762487588999,train
T413V,0.7483998876474272,train
S100F,0.6441465968994528,train
F304V,0.6985491560366432,train
Q432C,0.5214149269151817,train
M1D,0.465024159131596,train
G146F,0.4631565225485721,train
F414D,0.5530386655632251,train
D168E,0.7489605048458315,train
D130S,0.8104849112898793,train
P133E,0.5676217314697125,train
E191P,0.7106554335900891,train
S122Y,0.7067498745829086,train
F373Y,0.688941524516668,train
Q236P,0.547401467041366,train
S61T,0.6306481111435759,train
E131V,0.6590561051977714,train
W170T,0.4241723627126652,train
L232E,0.4559051249710539,train
I116H,0.6804712726321711,train
D422E,0.7000052779184163,train
L351Y,0.64437270085197,train
W430P,0.7513997669050144,train
E312A,0.7986920836772908,train
A386H,0.7384942100082246,train
A98Y,0.4847731930120148,train
A279V,0.722954942076754,train
P224E,0.6906221121723574,train
H401Q,0.6567835913612766,train
V153C,0.6530825292957549,train
K42M,0.5964135959612662,train
I180A,0.766306556674189,train
E178S,0.701724458096278,train
D31R,0.7664440718821861,train
H43E,0.7197781324691395,train
K273G,0.5849171551059601,train
T343C,0.7247847805130048,train
S406R,0.7207390513187153,train
R361Q,0.7289136613935265,train
G146C,0.5382583968465224,train
T340W,0.48879297260993,train
N366I,0.7925358296779141,train
P179L,0.8013895000884312,train
A115G,0.7221185671675455,train
W268R,0.5190069032272533,train
N426D,0.6416206879022811,train
K296N,0.7906017338837135,train
I29K,0.6838746804703291,train
T127I,0.7181667366760003,train
I427W,0.5221287491183569,train
G90P,0.6592440438255531,train
P297W,0.4830140998835394,train
L60E,0.4154655564259547,train
E238Y,0.5790814968954763,train
F409Q,0.6255706613030181,train
M407R,0.7156185428009628,train
N89W,0.5172766618132771,train
H165W,0.5730416736157229,train
I225L,0.7474443634894513,train
D420P,0.5807192094629521,train
D247F,0.6483928476278475,train
A228Y,0.6997502375180237,train
D372R,0.7207022134835358,train
L246K,0.7619731364853206,train
G353L,0.7579164484410793,train
Y125N,0.5952056793208953,train
T314L,0.7283209726123379,train
H87Q,0.7307432103240762,train
E79L,0.6342807933747333,train
A171W,0.5237430046629332,train
R361L,0.7267034760161327,train
W76A,0.6858243248390103,train
F142Q,0.3839734087107088,train
R361E,0.707144428486747,train
E169G,0.692084737340732,train
C26P,0.728821739802887,train
I20M,0.7050671262261335,train
K42F,0.604518484589928,train
V336W,0.5207988446611255,train
G108S,0.6786625610509821,train
A6M,0.6704698180337247,train
P300E,0.6275006616507162,train
T192E,0.7281093086392997,train
P36F,0.5595526568146046,train
W76R,0.7337178672800991,train
S254F,0.7033447297105444,train
K172M,0.6468960607867494,train
A386W,0.699757401018846,train
R83H,0.6707280359357142,train
D159C,0.4335546352277197,train
S284P,0.6400943856019057,train
P69W,0.4267691582399052,train
I116P,0.6738987729847215,train
R241H,0.5791247250394228,train
P133H,0.5614683937106902,train
H277R,0.7469211843209724,train
S174R,0.571789935697774,train
L285N,0.4983504172574616,train
I38M,0.6529134438441144,train
G305K,0.5133240475380048,train
T233C,0.5479514572622076,train
E312P,0.758428739370753,train
L285T,0.5914733718230045,train
K294I,0.6476614503102843,train
A171P,0.5567229009925129,train
D445L,0.6720114500140264,train
W384S,0.6082068719546356,train
K194F,0.6846163234652635,train
H155L,0.5106822020992361,train
V227W,0.661366586647791,train
L348F,0.691348955070965,train
G72F,0.4060881984467032,train
F303S,0.7315224890601466,train
T199H,0.7206795967332809,train
I180P,0.7178903787704503,train
F22C,0.7055497039853194,train
A158F,0.7361462199171327,train
L348Q,0.5844650036898429,train
G256C,0.7152861902561615,train
R345Y,0.6210420012938098,train
G305H,0.4948566624572332,train
S59A,0.7067624927948055,train
I381R,0.5481383367227904,train
Q28H,0.64340398653181,train
V93I,0.6937399897170223,train
E238H,0.62917804356035,train
I278A,0.8103182442700099,train
K57G,0.5678027360828986,train
Y444D,0.5799458196965078,train
P36A,0.6607722949935746,train
D216C,0.6769344662158625,train
G90L,0.6624498040032722,train
I32L,0.7709587508843682,train
R259S,0.781038356134589,train
D372V,0.7018663088286761,train
M157T,0.741084276293194,train
S362D,0.7419505550229861,train
W430V,0.8082098872271231,train
A428T,0.6690666898174725,train
C442H,0.7966613000400553,train
H277D,0.7391714415152335,train
R206C,0.7096427214644846,train
K91P,0.6270553171491309,train
T199S,0.7523880899405844,train
Q214E,0.7801360604241965,train
S406M,0.6776304944100955,train
Y374W,0.6433092828619945,train
V336I,0.7368631543065942,train
I382G,0.6950287419980172,train
I267L,0.6882688474286146,train
L190P,0.5898157469121885,train
F409G,0.6254712972975272,train
V156N,0.6943188881412806,train
I415E,0.53884540143041,train
L285R,0.508025217630637,train
W396S,0.5833940020627228,train
K234Q,0.6848492837601153,train
N323E,0.8081478659265099,train
D247V,0.6880973117701873,train
R83A,0.6775340748894177,train
E131Y,0.6637966268912283,train
S174F,0.644656303461161,train
D186L,0.541647830738769,train
L240C,0.4797899101965584,train
P179Y,0.6956454173857047,train
I120P,0.5645389617871355,train
A13H,0.6445939396964868,train
L230H,0.5937378430499018,train
F350P,0.60017053262709,train
N245P,0.6325496128325075,train
D446F,0.6992453925337586,train
G305T,0.4998845997617973,train
K91V,0.7251600293293636,train
K239V,0.6503432757802561,train
K243M,0.6566364871595718,train
K57E,0.6195492392880677,train
W384E,0.4997405812671987,train
I325N,0.6107033996537083,train
D341C,0.5753312682885794,train
L47T,0.7100826183161101,train
D51V,0.7105902383184364,train
V104H,0.601807242516284,train
E101M,0.662515641836359,train
K440Q,0.706969182212566,train
L218P,0.7537568728951319,train
G145D,0.5511459196564714,train
G150F,0.5009108621664338,train
A380Q,0.6991966214148043,train
H401G,0.6093292220075607,train
A52I,0.7433465338606455,train
I120K,0.5998534462121828,train
T199K,0.7253207402990177,train
T7Y,0.6501790695588454,train
D31P,0.8152632629051255,train
L21R,0.7546803748981261,train
F443E,0.4625731897443075,train
L431R,0.5060009937689203,train
K243T,0.6588274874884352,train
D249A,0.7669757385104858,train
S154C,0.6577721827192037,train
F425T,0.7027913995824687,train
I278C,0.7309184954343878,train
I325K,0.5885501127205893,train
A289M,0.6870842395277352,train
L363W,0.6645810743632297,train
T140L,0.5108389588446807,train
L21P,0.6488896817775311,train
D168W,0.6534014233560149,train
D193E,0.7426784147221049,train
D315N,0.7447674031274801,train
E178K,0.7048824992611271,train
V93T,0.621415294181408,train
I416Y,0.6630487489320495,train
F443V,0.6383593779355343,train
K331S,0.7050932346975877,train
K331E,0.6929685170432082,train
A228R,0.687257674626006,train
L246I,0.7276277194361662,train
T192P,0.7546897238139355,train
E79Y,0.6045836163115488,train
V2D,0.5568751103801166,train
L196R,0.6907398915648806,train
V153R,0.6086782578470857,train
R292G,0.5445922449407046,train
K42A,0.6689729393981361,train
E219M,0.7131570735361754,train
V181N,0.6916609151166292,train
E191Q,0.7564536608670676,train
I225E,0.6534747953984436,train
D249R,0.703924390735186,train
A78I,0.6893168792497467,train
L119A,0.5352061594237337,train
Y444I,0.5752875034999188,train
I20K,0.7829610288105491,train
Q214R,0.756676523767956,train
E97A,0.6748129543163649,train
S198T,0.7518934376753305,train
A171E,0.5813627170863465,train
I382K,0.611152119368101,train
E97K,0.601344400572572,train
L66I,0.7038894240953912,train
L246C,0.6826761551124554,train
K440D,0.579183374657786,train
A158I,0.6897505799732583,train
G395F,0.4613201808257198,train
P94M,0.7362134487898074,train
F96Y,0.6911759648229178,train
S383Q,0.5385842107991489,train
Y39S,0.6033035068348973,train
S174H,0.628789187976042,train
I20W,0.665569990532431,train
S203I,0.7390246056358857,train
K294P,0.5699591863777322,train
K316E,0.7720165694104186,train
A265L,0.5226196942984145,train
C88H,0.5695840858447813,train
P12E,0.5346431908741476,train
L64W,0.4719877174311274,train
K42R,0.7566848064554518,train
I237S,0.5737121688193465,train
P128A,0.747228074486311,train
S44W,0.5829237035819302,train
V65F,0.5411789868475962,train
K296F,0.6584233163464304,train
N242D,0.7436710238542733,train
P133T,0.5882680918010821,train
D393Q,0.5390151506268286,train
T252Q,0.7239684168027418,train
N231P,0.6719217173689314,train
G403F,0.5465705715571334,train
T340N,0.7489711671289677,train
F200Q,0.6359484450683661,train
M402Y,0.6968671385052354,train
R361S,0.7205101723481367,train
R73Y,0.5241259571553858,train
K30F,0.8161575318934287,train
A163W,0.6037201832109644,train
I173W,0.5976533017398351,train
F414A,0.6628021677470192,train
L70D,0.5281013082198623,train
D393E,0.6248116479660208,train
I267Y,0.5469046470139116,train
I278Q,0.7696513078328692,train
L295R,0.579753545544325,train
M157K,0.5934488033824229,train
A98S,0.6116891595046567,train
I237K,0.562471015503446,train
G146N,0.5098495837030265,train
S82D,0.7561193523935055,train
S383F,0.5134026236219376,train
Y444V,0.5856348609221982,train
T199L,0.7639401370738353,train
L246A,0.8070341480862562,train
Q281M,0.6207577914287581,train
T16L,0.5462779024767195,train
M436C,0.5464965145865828,train
G92L,0.5279336208689245,train
K330N,0.7244279894503663,train
K30N,0.7981416909729137,train
A177D,0.7753713544130302,train
A438P,0.6100492721138658,train
M157I,0.843815141292741,train
F4C,0.6475374359535165,train
E169M,0.6878326047038256,train
V181S,0.7324951540739588,train
P133D,0.5672191773229648,train
K316L,0.7683685010104176,train
T314P,0.6968201891538632,train
F110C,0.5664294340149687,train
A307L,0.6202600252119393,train
L185W,0.6614054722062218,train
F200C,0.6498116162130709,train
K172F,0.6008113993936015,train
Y444N,0.5884945558704471,train
L151N,0.558986171829918,train
V65G,0.6013317894217899,train
Y257A,0.5573934950517416,train
L321G,0.649776903773404,train
F260E,0.5450438879565662,train
K239N,0.6739011525803618,train
N89A,0.6745672063428645,train
L285H,0.5273558945896997,train
Q214K,0.774367433375177,train
I427Q,0.5239855680737222,train
L151A,0.6427711835582397,train
R55F,0.6362155105470241,train
A228G,0.7000947916689569,train
F291M,0.779294375556764,train
A46F,0.6936881752576496,train
D315I,0.7776770978551133,train
I415M,0.703467522494476,train
I32H,0.7542103800452639,train
K103R,0.7274889332275304,train
P298H,0.6119638086204593,train
P417H,0.664809854478203,train
T413D,0.6158299666078387,train
P133G,0.5851134964601868,train
P355H,0.6400095886759577,train
N293P,0.7720653581821596,train
G397D,0.5111721587232412,train
F414R,0.5892185037120443,train
V248I,0.7594069861957036,train
A118N,0.775960780959246,train
V167I,0.7622757334929461,train
H286M,0.7713243542181019,train
G395I,0.44557030808841,train
S82N,0.7497029810522958,train
R269E,0.5722601918118786,train
A171R,0.552192405093493,train
Y39G,0.5641061860696444,train
W430Y,0.787061170954406,train
D18L,0.7259219094789126,train
K370V,0.7305332339574416,train
P12D,0.50171927506159,train
I120D,0.5640308722206843,train
E334V,0.6395392266451331,train
R187L,0.5668844522436378,train
W76Q,0.6759903951858648,train
N253F,0.6753660937943448,train
F107E,0.478679309838427,train
D341T,0.6474371751864639,train
A49L,0.7107463101357591,train
Y257F,0.7271078660526921,train
S44C,0.6702212103087871,train
N24V,0.6570151182498525,train
P182Y,0.6540187695495951,train
G50M,0.6456483759486151,train
G145E,0.5342036647310419,train
R221V,0.7674525897056826,train
V147P,0.4809134182722877,train
E215H,0.7221945447612836,train
E433S,0.7223088218409357,train
A428N,0.62432886543451,train
A335W,0.491950872552486,train
N306C,0.5510947124529595,train
K194N,0.7357296000299829,train
L211K,0.6935539575901987,train
A274D,0.5147220211405554,train
I120C,0.6242724330061499,train
I267E,0.5040297565116096,train
P94Q,0.7063297806273463,train
V135I,0.7489606743125834,train
F142K,0.3660018268568806,train
R55S,0.7036376176855128,train
S162P,0.5895765587142068,train
G397H,0.4366198933459408,train
F409S,0.6685448805052376,train
A77V,0.7535171974802387,train
D420A,0.6967802267754468,train
Y390K,0.5726101265321826,train
E101I,0.700296884301074,train
L308H,0.6414571242423046,train
F107N,0.4835064572865288,train
V2L,0.6872525200123044,train
E19R,0.7658838924728905,train
V167T,0.6522285157221265,train
P298A,0.6658914195328538,train
K194L,0.7186942090021923,train
D356G,0.6833268509505733,train
T7H,0.6858086632866952,train
G358P,0.7104611893869163,train
K294Q,0.6607427865954119,train
D18H,0.7829629494337365,train
V248W,0.6815958186917553,train
Y125R,0.5967796865119115,train
F291Q,0.673127649836083,train
L134W,0.5475566985860442,train
S258T,0.7663965435194118,train
S272F,0.6452426089946973,train
L64Q,0.4932171563666339,train
D372T,0.7168937589251552,train
H165K,0.6626872763503916,train
K5D,0.598979026017188,train
P300C,0.51327165406723,train
Y257G,0.5079605660648131,train
A328C,0.6258872393176698,train
P94T,0.7203832417510145,train
R368P,0.7679894250699133,train
R292T,0.5088676650984528,train
K103L,0.7191244074128327,train
G358I,0.6917931556719755,train
L74G,0.4718542906085183,train
G353I,0.7050539925528666,train
W170F,0.5533587600129772,train
P94E,0.7274124331113075,train
G160C,0.553178277922276,train
L285G,0.5223109682432644,train
F414M,0.6735722599817437,train
S362V,0.7247592122168222,train
A244E,0.5579104957448933,train
D410H,0.5916251999104167,train
D420K,0.7053784048742331,train
F360G,0.6925438792603622,train
W430K,0.7424611301017976,train
T233S,0.7383835782290156,train
S362E,0.746742785259096,train
R368Q,0.7398643698801308,train
W384G,0.5567961247515336,train
H155A,0.4320359306867181,train
V263L,0.789790482420464,train
D106Y,0.6269864006700525,train
L299T,0.5826082271011654,train
G50V,0.7220523197898085,train
P114A,0.6710855472320479,train
N376F,0.6711015406567521,train
R361C,0.6615914831497015,train
K330Y,0.6739946982273731,train
F110D,0.5122065555319655,train
R206N,0.7540304981493088,train
G408C,0.6921008366821559,train
L47P,0.7019801304664326,train
A386S,0.7894035192148848,train
R206A,0.7519002163454038,train
Y41I,0.5131202072800094,train
H435E,0.6214601746261847,train
D422R,0.6192991204845929,train
W268A,0.552944865716086,train
H43N,0.7531690492219437,train
A78H,0.6995653810667909,train
C144H,0.5008967964260316,train
H286F,0.7959963689947835,train
G318Y,0.5608723226555796,train
P114S,0.6882084113482425,train
S383I,0.4895486813452665,train
K243W,0.5778838329935911,train
P208E,0.6736728384989561,train
K222L,0.7081469690766842,train
P114D,0.6577887975219978,train
F4W,0.6225373900342053,train
I38V,0.774326372993431,train
I212K,0.7463297524181932,train
N293Q,0.7143925426459484,train
P207Y,0.7402863632755367,train
P133C,0.5461187731967492,train
W384F,0.6428136420406882,train
R221T,0.768102134582111,train
E215C,0.6611978966185715,train
F166N,0.3900722911534757,train
T271C,0.6942879322146126,train
Y390G,0.576077034974475,train
G81W,0.6076433808825646,train
L134T,0.6059730600875906,train
L320Q,0.5452313605507805,train
A13M,0.5739582204207774,train
L321R,0.6163972000706792,train
D349N,0.7069707674328071,train
A274H,0.5423979188268363,train
E251V,0.7141181795052897,train
L86G,0.4748893836449133,train
P69V,0.5094492185018232,train
V84G,0.6363836356870709,train
P128Y,0.6726181904133879,train
R55Y,0.6320930129141547,train
A264Q,0.5499409545620282,train
M402S,0.7736310226662054,train
N306A,0.5465713765242046,train
D290A,0.5896122738321554,train
E85G,0.7103286875703275,train
A98I,0.6010293760031455,train
V93F,0.5845687314641934,train
G108K,0.6295539490603721,train
D420G,0.6932609531068383,train
G276I,0.586401641485321,train
I29S,0.7176839894500627,train
T327G,0.7100978103043003,train
T271W,0.6222237353210227,train
N378H,0.6393455826367064,train
Q214Y,0.7506858387851192,train
P69D,0.5283673710202388,train
D106H,0.6827048020546297,train
D109P,0.5868317904681588,train
G80I,0.6489678412556991,train
K352S,0.7146944052976493,train
K294N,0.6453531436835798,train
N426S,0.7484802996211715,train
K296H,0.7274587893290483,train
W268F,0.6251405264424097,train
Q281T,0.682558149764263,train
L218Y,0.7048962048846816,train
S418T,0.6464348993883264,train
S317P,0.7297838449197256,train
H43I,0.7364350548122864,train
L119M,0.6288948081291214,train
K194E,0.7339291146473724,train
G353M,0.7046258912932801,train
S319V,0.7642766839207445,train
V248G,0.7870687757748944,train
R175S,0.629970837269879,train
T252F,0.6950003916226586,train
Y347C,0.7402043131231913,train
E238G,0.6603529212717075,train
V248T,0.7653130860860322,train
G305M,0.4607425534021002,train
I381G,0.6030358199781493,train
S122P,0.7135095220132981,train
C442Q,0.7258221359287714,train
I149P,0.5072026542617027,train
L240N,0.4387554851080699,train
Q281V,0.6369505372775224,train
S198H,0.7092931397999137,train
F443C,0.5430997936240074,train
Q28N,0.6257789641854783,train
E261Y,0.5012159588086487,train
S197E,0.7322218501004989,train
T7K,0.7173273607930615,train
P121E,0.6020467837699987,train
S122E,0.7484514761511307,train
P161Q,0.7173385244153384,train
A307I,0.6251032437570065,train
T3M,0.647856570091675,train
D168Q,0.7583272358475202,train
A13D,0.6448652842106285,train
L64S,0.4883965616329362,train
I149Q,0.4934638717128427,train
A52C,0.6530506413019518,train
D159H,0.4752812190196077,train
E105N,0.6781710509817518,train
A380M,0.6930773323506709,train
H155Y,0.5276464170912571,train
T140W,0.3887951614672106,train
K234H,0.6634848080678573,train
Q220A,0.7632345340081239,train
H165C,0.5968915769348087,train
Q281D,0.7150637474915953,train
S329K,0.5717240554979993,train
P128H,0.7106666537012833,train
T327Q,0.7258814775363713,train
N378I,0.5655760841861184,train
L54N,0.7820370042850701,train
E19L,0.6738944445214351,train
P12S,0.6217756228624908,train
L363E,0.6982809219435091,train
I132P,0.6675537047793452,train
K30R,0.7691829158530347,train
P179E,0.7420178262623488,train
P208A,0.6923958112165063,train
H419W,0.6860583019343732,train
R187C,0.5525018231378798,train
D410I,0.5916458889763695,train
C144Y,0.5202671568494817,train
G403K,0.5431065299273927,train
G150D,0.5134244848329239,train
D216N,0.741575934645832,train
L211A,0.7051547052312575,train
F425G,0.6112329550087249,train
V147N,0.5275211529171946,train
L205F,0.7813416822023032,train
G408R,0.6767332103258327,train
P208Q,0.6695322149847552,train
P114W,0.5484414844973594,train
G152W,0.5669849460274742,train
L230E,0.5173970961849125,train
L299F,0.629141339886349,train
V10C,0.5996842195382492,train
H34Q,0.6429719381091288,train
I267P,0.482196394561491,train
S82L,0.7167680216564104,train
A392I,0.6929612405645513,train
R55M,0.6586386167935183,train
Y444C,0.6036507442094012,train
H435P,0.5308295534576069,train
I149G,0.4821877800016062,train
E19Q,0.7656606906384984,train
V311R,0.6361184625871417,train
K62G,0.6264118942591125,train
E45M,0.6227175896803201,train
P179R,0.6642249258620252,train
H165P,0.5623597605808682,train
T37E,0.573990800403817,train
D51G,0.7234665410171911,train
V189S,0.6811644410749669,train
K188F,0.6765012527092625,train
K273E,0.6394091467908727,train
P355W,0.5778441354069745,train
Y390I,0.579080197650379,train
L431I,0.6480437531801881,train
F414N,0.6409696601917743,train
Q138A,0.4007570851231115,train
F425H,0.6204423714369107,train
K172C,0.6271319584876469,train
I38H,0.508424509542412,train
T7F,0.6499391187604806,train
K243A,0.6747897514935932,train
G108M,0.5726139677785574,train
G391M,0.6142218259885577,train
N323Q,0.7618036556112592,train
P17R,0.628495459728429,train
E280S,0.7006371135192782,train
D109Q,0.6131692679929287,train
V344H,0.515571798045388,train
F303C,0.7256362309020117,train
V288W,0.6459715631665882,train
Q220D,0.7626872340719676,train
F22G,0.7253809574848353,train
R259L,0.6446779457775929,train
V336Q,0.5814131193227872,train
R187G,0.5245612889963838,train
R333D,0.5995715100260516,train
F291K,0.6756937718812414,train
V137M,0.7008342986767068,train
I129L,0.6931971665275602,train
L351F,0.6912704849037521,train
G80C,0.6396040688610528,train
I53A,0.7593928639663842,train
P36R,0.6079264327248122,train
L308Y,0.6912969429003819,train
L379Q,0.5152597532663479,train
H155R,0.5057712250978946,train
A98K,0.4045363631557184,train
K57H,0.5841091799999127,train
G358C,0.6527449656483347,train
P179M,0.732190166879021,train
F443D,0.4432035071878648,train
S258M,0.5031864052211175,train
N217G,0.761588814136624,train
S322Y,0.6663625229807176,train
A346Q,0.6594795178772237,train
L299K,0.518250982658477,train
D31G,0.7742278351383554,train
T126C,0.6227085938202436,train
L119H,0.5602957967658468,train
K296P,0.6242738452290818,train
A289Y,0.5636729443185856,train
I53M,0.6655866335796838,train
G423S,0.6225729498076313,train
N75C,0.7428795011453829,train
K440H,0.6306741807788994,train
T37L,0.7131769011461397,train
P182F,0.677407299636818,train
Q220S,0.7717400420381166,train
D290I,0.5035716313924903,train
V204Y,0.7270481219615565,train
E191V,0.7207564004774341,train
D356K,0.6830987910692953,train
C270A,0.7100129710116644,train
K188D,0.6992888819389476,train
D186C,0.5650143725149417,train
P133Y,0.5129301503178297,train
K62M,0.6097605713798906,train
I416K,0.5955773905188095,train
F166S,0.4444121158174724,train
A78G,0.7836178960628795,train
W430E,0.7230490102462502,train
L218S,0.7572139805102768,train
E219L,0.7632169094659333,train
D341L,0.5766068586518486,train
A346V,0.6620326192269497,train
I20E,0.7357037775336724,train
A46Q,0.7160589092167131,train
F22E,0.7646329595220128,train
K234C,0.6022583488874317,train
P161W,0.6762750216566814,train
D372P,0.7221246820928409,train
R175N,0.6056311185490814,train
F414Y,0.7214421688720665,train
R361N,0.7052333942930248,train
G276L,0.6418750504356664,train
P369G,0.7568341207860452,train
I38E,0.4753812044031886,train
F184S,0.6640473811950225,train
R241Q,0.6076469961732704,train
D372H,0.7234802537018602,train
K294R,0.8104141977571201,train
F166V,0.5754806108636313,train
D349H,0.6478583000647665,train
I212R,0.7238518236774814,train
Q138F,0.4147093110459041,train
P128V,0.7035533432820497,train
D201T,0.6539381245590671,train
S44Y,0.6654423043960402,train
K62S,0.6664865020319121,train
N293W,0.6346103850237027,train
I427L,0.7345248185245208,train
I427F,0.6628138538917808,train
E261P,0.4653917042718611,train
G411H,0.5199033682222156,train
I180H,0.692536352112135,train
K239D,0.6443499146349633,train
D106E,0.7314367194656544,train
Y444A,0.5702372954397179,train
P297G,0.5617722475967252,train
L211Q,0.6812079375412704,train
F373S,0.7003056259610226,train
E251F,0.6796272505357861,train
K194S,0.7491358040783725,train
D393A,0.5690460006632558,train
W430T,0.830255951134135,train
T210R,0.7179317286578972,train
T226D,0.6513280823807255,train
D193Y,0.6974972864996937,train
F443S,0.5208919807634865,train
V344E,0.5211386113763194,train
L64I,0.5643221008337076,train
G152S,0.7567554317242778,train
I382E,0.6468482429182741,train
L139T,0.6223889795262884,train
L47E,0.7137057539202477,train
N231L,0.6406105177779542,train
R206Q,0.7551854352463883,train
G405Q,0.6123076566599266,train
D342A,0.7072457237070973,train
V248Y,0.7277476030408581,train
D445N,0.7014688316233686,train
I95Q,0.5696967106236029,train
T35K,0.6056951487368153,train
N306W,0.4729406854655963,train
V153F,0.7788308981127325,train
P297Q,0.5924708813687467,train
P161F,0.7567150421484244,train
I325E,0.6248323511542031,train
S317Y,0.6352753866801211,train
E251R,0.6765532931243043,train
D193P,0.7865168296252921,train
G176C,0.5737354563754941,train
R141E,0.5796236210345871,train
G152P,0.5862617466816836,train
P355C,0.5903766677385233,train
L139C,0.5972747695051596,train
F40S,0.5434019810869827,train
V147G,0.5408506450159216,train
N426L,0.7337544932818388,train
I415D,0.531296561458968,train
F67T,0.5749874908602587,train
P369H,0.7236669707568059,train
C270V,0.6492497350751424,train
S82H,0.7199214166078135,train
Y39V,0.6565508640832086,train
N89D,0.6528910671717579,train
I136D,0.6456556771411732,train
K250C,0.6973965385157295,train
L119D,0.4735551719077394,train
E169P,0.5650026510646066,train
A274W,0.4887042285208873,train
S102W,0.6306683059315025,train
L351T,0.6339296935705105,train
A171N,0.6042144471149119,train
I20D,0.7053569143717664,train
K62R,0.7311386186227884,train
I29D,0.716715995363598,train
R241T,0.5447228755619083,train
A274F,0.5560896037409164,train
A163P,0.5912408493172616,train
D106C,0.5917138875105421,train
G150A,0.6774536276101001,train
M436F,0.6304257425207136,train
G395E,0.5369562566921329,train
P69I,0.4913255402382257,train
D290L,0.5194738264952385,train
T340H,0.6131766256744041,train
D372Y,0.6923929055678238,train
L299Y,0.5490519743486051,train
F4N,0.6455663257962698,train
N293I,0.6740569772586714,train
D159L,0.3913550697314685,train
N242E,0.7828565666802739,train
W170V,0.4790743933258647,train
P388S,0.6302457970747265,train
H8N,0.7334357898716747,train
K42I,0.6223521205077649,train
F414I,0.7105011623570047,train
I9C,0.6237034766313324,train
N245Y,0.6274213935775468,train
S424Y,0.5348017270204866,train
S82Q,0.7426497748410453,train
P114C,0.5897124286824882,train
D27C,0.5023071834681541,train
G72T,0.4716520320402067,train
L196T,0.7177546641466913,train
R259Y,0.5978235310920503,train
S254V,0.7546265197766168,train
L218R,0.7212525143934224,train
P112Q,0.6214819369815658,train
R361Y,0.6837543167098403,train
I53F,0.7144278588109187,train
L389N,0.6152509269612871,train
P388R,0.5776448989957372,train
K188Q,0.6980524242731222,train
L308I,0.780244603878745,train
A228L,0.7404718693493182,train
D168C,0.7005399561121185,train
L164W,0.6437417690737846,train
W170R,0.4087113742983118,train
N366D,0.7591007738973723,train
R292A,0.513536332889133,train
L285D,0.4225411604929057,train
A438W,0.6210467746073197,train
I278H,0.756589361368597,train
P114K,0.6497628027274286,train
I212D,0.7464648527249766,train
D341G,0.6659078578077815,train
P69L,0.5217535920964887,train
V65R,0.5258589100373912,train
L230W,0.5818995736339211,train
L321A,0.7194702184421753,train
A346R,0.6762344979196495,train
G421T,0.5874442433092799,train
A244S,0.6682114829154667,train
A13Q,0.6343529791498992,train
D393W,0.4420949969196726,train
F96T,0.7218021091918432,train
T127V,0.739734628959374,train
E434V,0.631121262314691,train
E337K,0.7238775402570718,train
S148V,0.6971542893245428,train
A13C,0.6728768955322888,train
K316V,0.781210642036449,train
S258R,0.5226478399014479,train
K294V,0.6426017521119809,train
F166Y,0.5651655368575759,train
P12H,0.5446948288144802,train
A77H,0.6998745590332792,train
S319P,0.6553581853282732,train
T340K,0.6688949493867201,train
H419M,0.7397389997893484,train
T199Q,0.7136458297706884,train
L295N,0.6225610024016273,train
E101K,0.7437662076798855,train
L295W,0.5792037671569232,train
F260W,0.5568581778271628,train
V167F,0.7067682264199091,train
A25K,0.7664824349181321,train
S33I,0.7444193466636757,train
V336S,0.6236260303257452,train
L431P,0.5556958759874933,train
S143Y,0.6382127680118556,train
K273N,0.6385052535032885,train
A328L,0.6451246954409955,train
G371K,0.7278545083168054,train
A335Q,0.549959878349316,train
G353E,0.7468172658965261,train
V84A,0.7077410997366037,train
L295A,0.6563320542621347,train
G80S,0.751588517560982,train
V181P,0.6931844106239275,train
P224D,0.6848453154136765,train
D48A,0.7245983847387761,train
W268C,0.5691186312886451,train
H155K,0.4465133905623554,train
L60K,0.4152710085948514,train
Y39L,0.6993881470888332,train
A163I,0.7119055862877969,train
T385C,0.6744150887497512,train
S148D,0.5370512004398467,train
H401C,0.6703525399803423,train
H43A,0.7766005956196733,train
V10I,0.772465190269206,train
K243Y,0.6265986183751727,train
G397M,0.4080664403297562,train
F4M,0.7192743219381721,train
A265W,0.4891228961312884,train
K42L,0.6604026668244849,train
G176K,0.6010259584236503,train
S317F,0.6455822133042541,train
F439Q,0.3720049040959451,train
I332L,0.6568336334808698,train
A63R,0.5184912300236576,train
Q28D,0.6457962851173913,train
I53R,0.631808803049103,train
G326V,0.6783496971826415,train
F303T,0.677968735924523,train
A77Y,0.6780040838645093,train
L387T,0.591988819070931,train
S254N,0.7206904284831688,train
P12N,0.5018159840879688,train
K243G,0.6028018993717037,train
G371I,0.7877638719019923,train
P298I,0.6015576038686061,train
G152Q,0.6142328554496561,train
D48L,0.7043039644842738,train
I447S,0.6614003952647816,train
E433P,0.7695297648662323,train
L86Q,0.4800546455073787,train
V357K,0.7233752478657562,train
I136T,0.7983935679939387,train
F229L,0.7146781153061295,train
K57M,0.5558247130855736,train
V167G,0.5830364837052744,train
D315L,0.7616485370444156,train
S197G,0.7262159766600292,train
C26T,0.7664419041199856,train
R73I,0.4837788186011815,train
E251L,0.7108565376661538,train
G318W,0.5559973290945439,train
G150N,0.5208161020253537,train
G152Y,0.6134920315440222,train
L295V,0.702864157307922,train
T302N,0.7806695205756199,train
A279S,0.764778418484002,train
S362M,0.7081019015123688,train
F200H,0.6957702790762317,train
D247M,0.6616779959265118,train
I225S,0.7264300908398543,train
G176T,0.5877671622048959,train
F107W,0.6209186153762467,train
I381T,0.6587504295441542,train
K57T,0.5928089957831103,train
H155N,0.5243922600336606,train
P207E,0.7076537608093783,train
D109N,0.6687375783243,train
D341N,0.7274125513849781,train
D341W,0.5200967297860559,train
F291H,0.684669634880944,train
E433Y,0.6378365023949858,train
D290T,0.5794859434209529,train
A49Q,0.7102508458423193,train
A346G,0.7589392297161884,train
N306E,0.5502826560226388,train
P209F,0.6993215960831658,train
K296C,0.6543012918082431,train
A63I,0.6709561805503681,train
K440G,0.6044954794783668,train
G411K,0.5653676542035942,train
L321M,0.6915412151009185,train
F110M,0.6133969606962444,train
S418M,0.5549433447537536,train
A380N,0.7104343147845216,train
V344T,0.6390303250504961,train
R275E,0.5658886232431846,train
D445Q,0.7207917131118471,train
T37K,0.6066298990954623,train
P388W,0.4483993295545772,train
T413L,0.6979662080631276,train
H266D,0.5094174717303133,train
P388C,0.4954931230881971,train
W76N,0.6497029950862612,train
D27R,0.4714309344179831,train
A313E,0.6457951129723578,train
N231V,0.6509777875435739,train
S82A,0.7371030998091231,train
I309T,0.7481835774609429,train
L21N,0.7011103105876386,train
L354Q,0.8721580742364623,train
G50T,0.746524102538086,train
P369V,0.7637680718318085,train
A244V,0.6922974428281825,train
S100P,0.5662170215637765,train
T413G,0.7569445707415517,train
I20S,0.7583247432740453,train
A78F,0.6524528473348642,train
P300T,0.6144330945391749,train
R255N,0.6682093998866421,train
Y257N,0.5283616938840523,train
G108D,0.6734258830748487,train
F360K,0.6896532425076748,train
N376G,0.675503107663201,train
P388Y,0.4785287668738828,train
L295K,0.5828934820111868,train
D216Y,0.7327403618721878,train
G395K,0.5358208576993166,train
I136N,0.7362593742795539,train
G213S,0.7792880134924556,train
E215Q,0.7285464128200771,train
F409D,0.6355400725631388,train
G50F,0.7349156229764748,train
Q214I,0.765768400881517,train
A46M,0.6586962849169439,train
L119P,0.525134128984264,train
P377F,0.5657566368879661,train
K294S,0.642954836089423,train
I267H,0.4896448819713898,train
S424I,0.5411280620886707,train
C442K,0.7162345120771845,train
V147D,0.4781098450633539,train
L379I,0.6833597275004287,train
K294H,0.6627167635652105,train
N323W,0.6135761717863069,train
H277E,0.7582974732492297,train
T210M,0.73381110929918,train
A115I,0.7148650795000882,train
D393G,0.5961985567754207,train
A274N,0.5596240446838139,train
A380H,0.6564895029968161,train
D201M,0.6115893435878277,train
R292S,0.5467445574223476,train
Y257L,0.616831063199828,train
F110I,0.6459480143491982,train
D159K,0.4064689902380698,train
L134N,0.5724996624544467,train
G395Q,0.5074658643717567,train
P17V,0.6095824618237151,train
N376M,0.6552837117519577,train
D168H,0.7741917175368711,train
A13V,0.642902054257342,train
K62D,0.67672247743155,train
T16D,0.5073803401509986,train
K62P,0.5323802730924754,train
D247C,0.6249271254351652,train
H165G,0.6215901132581519,train
G50A,0.7635771957803283,train
T37I,0.7206257204284275,train
A335Y,0.5478877942524361,train
A228I,0.6889301984887539,train
P209W,0.6121180374868558,train
F260H,0.6171128299192075,train
F260Q,0.5465596974405575,train
A163S,0.7193423098806727,train
T210N,0.7225877570533367,train
D58P,0.5702611478850383,train
G150Q,0.4602248889641706,train
M1V,0.4942178010472849,train
D247Q,0.7150316970921551,train
F260C,0.5580578894522993,train
R310H,0.7187350363671545,train
N242I,0.7212328915557832,train
K441Y,0.5916674253760815,train
P300S,0.6615679696378848,train
H155T,0.4555157751087197,train
A438G,0.6663155806904602,train
V357Y,0.701740910493435,train
E85R,0.7183430315257083,train
F96M,0.7333227979148906,train
P112S,0.6730482829073083,train
R259F,0.601815376920372,train
L196W,0.6347783689414562,train
R141N,0.6076320407324212,train
L240P,0.4462161176351834,train
S317G,0.6983988566805549,train
V167M,0.7115348812987216,train
C88G,0.570285325141633,train
K188G,0.7239193703003157,train
S203V,0.7387078581544823,train
S258F,0.4861610974650608,train
E280Q,0.6723927713889926,train
R255C,0.6328932772829936,train
R206P,0.7453153879917584,train
E399G,0.6681197378526936,train
T283M,0.5598895708394761,train
Q138T,0.4367482644104536,train
I237C,0.5480443674088996,train
L389Q,0.6106991064959952,train
D130P,0.7125220251281433,train
T343N,0.7660906277878963,train
I32A,0.750025066736382,train
V288C,0.6931081470550458,train
F360V,0.7771730225323461,train
V84M,0.7174911433475925,train
P209L,0.7304688648362041,train
L320W,0.5222660313095703,train
L211V,0.723840730666351,train
V311K,0.6287395483399845,train
L151V,0.7471126817505427,train
L246R,0.7274054637911385,train
V227F,0.7244018350816669,train
F200D,0.6496313742002682,train
L387R,0.5643140370407663,train
G146Y,0.4563102634857671,train
E105P,0.6012207180881932,train
E14D,0.70067094685017,train
Y347S,0.7979328796901979,train
H34A,0.5714395773105905,train
E251T,0.7342455973369761,train
T343Q,0.7434892778240481,train
A118K,0.825614602796073,train
I332V,0.6955322594927262,train
P224M,0.6265468604047174,train
D422F,0.5693751050953136,train
Y68A,0.5240164675114729,train
P300W,0.4794674997011979,train
A177S,0.7376808119661187,train
R241I,0.5352485543561504,train
V104F,0.7343204981107286,train
V263R,0.4683668625670248,train
S258K,0.5312295514808477,train
A328R,0.5272074840817828,train
A177T,0.7311790788097883,train
P17E,0.6462642604914609,train
L56H,0.5028739085307391,train
R259T,0.7677439948465725,train
R11C,0.6549903577434216,train
P207M,0.7140833576183455,train
F200N,0.6507217656482437,train
A98H,0.4495937312214896,train
V357I,0.7488154342451487,train
A46T,0.7541901075850759,train
L295H,0.5830584014051781,train
L308W,0.6630363990425097,train
H165R,0.6657489333001363,train
P209V,0.7135492972721761,train
D18R,0.8011521548413757,train
I427Y,0.569487758118594,train
A158E,0.5622927929694359,train
I382F,0.7018379160866296,train
H435W,0.5544690920487516,train
R361T,0.7115618053289189,train
D364G,0.7583706546415625,train
A77D,0.7979071737022794,train
G90F,0.6428639383604091,train
L86T,0.5480537728136263,train
S100A,0.7387321978167141,train
D290Y,0.540672620193122,train
F107Y,0.6601017574232632,train
N293M,0.6832512687792562,train
Y347Q,0.743608660089599,train
N24L,0.6608314247677347,train
R275D,0.5239657969526752,train
A77F,0.6842450359342287,train
L218K,0.7579499604912541,train
V147C,0.614298523815991,train
E219F,0.7654991747017731,train
N366Y,0.7599977261092461,train
F303Q,0.598081162921523,train
D201H,0.6564820182152769,train
G176D,0.6428335685062578,train
F67L,0.651921314867743,train
A265H,0.4752332599288392,train
R275I,0.6010266504128869,train
K172H,0.6805095650569705,train
F142P,0.3583694397767853,train
A244N,0.5576194648430803,train
I381H,0.5558071591545296,train
K239I,0.6485641432083764,train
R368L,0.7970655841598947,train
A49H,0.7104755163885607,train
D31A,0.7890043544031737,train
G371C,0.6982370865437019,train
Q117R,0.7846977805722414,train
G276K,0.708721429590379,train
V263Y,0.5399043003070034,train
K172R,0.7326501102351652,train
F360W,0.6738285219549724,train
F303E,0.620361366329535,train
Q236R,0.5875361790221487,train
P298W,0.5175136610657143,train
F350R,0.6908709740974227,train
N242T,0.7734580324181581,train
T126E,0.6434808326426511,train
I20F,0.724022646163328,train
T111Q,0.6366439013123116,train
K301N,0.7330605904831184,train
D58N,0.728579840136876,train
R11Q,0.7325182615716825,train
H419T,0.7843477046296443,train
F394Y,0.6377579333721677,train
S258E,0.4568234652992319,train
R345E,0.6427757026716219,train
S362A,0.7440383077332959,train
L86S,0.4973575962918535,train
C26S,0.7688464396172721,train
P182A,0.7423222803431299,train
P36G,0.6143711968080683,train
R175A,0.609024887965729,train
G423L,0.5391264196716357,train
V153D,0.5699843663126085,train
C442Y,0.8303518128267546,train
T126I,0.6100574488846418,train
D341V,0.6012764867717753,train
G146L,0.4697694823830216,train
I136V,0.7943681959932131,train
T199D,0.7146733419926194,train
K223V,0.682709836629382,train
V263T,0.6188331292837427,train
K234I,0.6384503462756949,train
I38S,0.5787380725228887,train
V357L,0.7772977324089079,train
R11D,0.6826887945076963,train
I325F,0.7116363989441836,train
F260I,0.5891591762266738,train
N293F,0.6622224502334603,train
A13N,0.6534194998095436,train
K296R,0.721398192249966,train
F439I,0.5778148176589075,train
P182S,0.7378930620116737,train
F373R,0.6685174621970141,train
K250D,0.7745891947421786,train
F291N,0.7960621574000677,train
G90M,0.6378669711047422,train
G367S,0.7607579610190794,train
H8E,0.8087027530303681,train
L64E,0.4026589539900055,train
I332K,0.4975119805027725,train
P207R,0.6956573647917089,train
L190T,0.5812305330199175,train
I116D,0.65622851713788,train
R269N,0.6017731655769365,train
H87E,0.7629383908592974,train
T385A,0.7278527712825992,train
I173N,0.7204091066140129,train
D422G,0.6678967902184292,train
L387Y,0.5985195592862833,train
S406D,0.7148227410565888,train
L299H,0.5141010525951547,train
E280I,0.6118983803320228,train
L235Q,0.7814405448686531,train
G423I,0.4946522290656064,train
L54I,0.7301971884496733,train
A46S,0.7696661149903105,train
H401N,0.6815220935935937,train
A279D,0.7705826971009382,train
N231A,0.6616514814409648,train
G72Q,0.4161414745656368,train
S82P,0.7443359831440036,train
H435I,0.5429783142074025,train
H266F,0.5880081298037717,train
L60R,0.4162235812068994,train
I212L,0.7609955180995747,train
L218T,0.7441124918039105,train
A46G,0.795525696274914,train
V156W,0.6292841579914554,train
P128R,0.7067689748980631,train
K194M,0.6724433713366438,train
P404W,0.4863070930717641,train
A279F,0.6672523081612118,train
K441I,0.5571046389732439,train
T111E,0.6610035747431374,train
S102C,0.7437617944832233,train
K5H,0.6346498990213383,train
F96L,0.8142988346815638,train
A158P,0.5527742409414498,train
T140C,0.4921883237162614,train
S203N,0.692703891179665,train
V137T,0.6578523616761642,train
G80W,0.5813281741134313,train
N217R,0.7303380011982165,train
F303W,0.6208983358549441,train
E105Q,0.6586299245613723,train
T199E,0.7185710914069863,train
T413Y,0.6288389688343926,train
L47R,0.692801105075742,train
R368V,0.7970317543595602,train
N75Y,0.6995837682093646,train
A6W,0.6291576228167542,train
W384R,0.5850974677299094,train
S197I,0.7322674366567418,train
A78Y,0.6662328103044195,train
V263K,0.4855812387292088,train
A98Q,0.4241599916397814,train
L21M,0.6795507645417926,train
A264C,0.6775458810731286,train
T252A,0.7518072708931386,train
Q220P,0.7781187635159609,train
E261I,0.5297810767862512,train
G318N,0.6121983223605362,train
M402A,0.7257195238105372,train
V10E,0.5595423475872016,train
G81Y,0.6379578194059535,train
G72S,0.5633953719013141,train
P36T,0.6456402768501005,train
F22K,0.7809892125418364,train
E101S,0.7591603414606413,train
S383G,0.6079620772316141,train
Q138I,0.3889291814234512,train
G150C,0.6246160692121774,train
R187W,0.5425675409231909,train
I173G,0.6181732963632552,train
T271N,0.6576414814868532,train
P202R,0.7300963839767919,train
G391H,0.6562359948583046,train
D349E,0.7368097299130792,train
M436N,0.5200756594199115,train
A115R,0.7372444845079537,train
L240V,0.6164888109722738,train
K412E,0.6361849429816624,train
L60P,0.4332718517078293,train
G152D,0.6034235457841117,train
S59E,0.5050038231566818,train
E261V,0.5891050880883807,train
P195M,0.6641886811604771,train
A115N,0.7390355856691815,train
V147Q,0.5112975923640555,train
A63Y,0.557626610691116,train
T302E,0.7999869367613517,train
A262L,0.5867456872359987,train
V189N,0.6543717899770053,train
Q432M,0.6028617211351004,train
T283K,0.4835414804152407,train
V153I,0.7962217385913762,train
T192Q,0.7015474288906454,train
F287W,0.6144966869377999,train
I415A,0.6594602339730882,train
D341S,0.6774050047745537,train
C26W,0.8472325583823839,train
S59R,0.454267228814597,train
V93L,0.6407399409485512,train
A313P,0.6764641606739553,train
P369S,0.7539796581237591,train
P404D,0.5184450220893247,train
Q117A,0.6982848408621452,train
T233Y,0.5011216505612541,train
S324Y,0.6310079737910912,train
I212V,0.7566508495550535,train
A307G,0.6907864031271438,train
V204L,0.7575764134035282,train
G145M,0.4306936692788322,train
L74S,0.5171933265380637,train
T111M,0.6653264032600164,train
K222S,0.7349429530207651,train
F394R,0.4168954321445376,train
L119T,0.5296578462132105,train
Q282V,0.7681898053817254,train
G80Y,0.6316798812176467,train
R73M,0.4944185626592886,train
L70G,0.5717993693469593,train
L308M,0.7320717025583757,train
A307Y,0.5389866237236034,train
R333M,0.5782426929628249,train
A118D,0.7538743910264127,train
K294F,0.6161100386596998,train
G305W,0.4869503041283427,train
F303A,0.6846247544361671,train
I278R,0.7559378464411787,train
V167Q,0.5487023503173463,train
K370G,0.7496045349917108,train
K294Y,0.6194155723875602,train
L295F,0.6949278810362185,train
E434W,0.5358867943880086,train
I9K,0.6507632073301812,train
V84P,0.7350592248653085,train
L379K,0.4838969086827498,train
D249T,0.7526399669616094,train
V156H,0.6816084510258815,train
K273W,0.5499747914234773,train
T111D,0.6541938357653523,train
D58T,0.7150036962419721,train
R73Q,0.6141032275067339,train
W384Y,0.6224572746272766,train
F425Q,0.6371805248431025,train
E178A,0.7073032682610163,train
D58H,0.6957149764262172,train
P15M,0.5723060749349371,train
L308Q,0.6499723766105276,train
I132C,0.7155027970094615,train
T126L,0.6327225254082935,train
D422W,0.5110945994398194,train
D201E,0.6931975937249971,train
S383N,0.612691979008623,train
N378E,0.56255579124605,train
L47K,0.7092433483498911,train
K30H,0.762918958671754,train
V104E,0.6210839725593469,train
L64N,0.4525500787072,train
G405L,0.6299535234167335,train
T192C,0.7059655965776592,train
G90W,0.5930490595593096,train
S61A,0.7306368010914337,train
P69T,0.5216347252923078,train
E19V,0.6657302566518615,train
H8G,0.6764742439456893,train
I447W,0.6241805961488862,train
D18W,0.6446210402545506,train
G256Q,0.7386930368748116,train
D290K,0.5480348913930263,train
S102Q,0.6453001994458616,train
D124T,0.5640964699758726,train
A171I,0.5831640215582574,train
K296S,0.7436019096639844,train
E334W,0.536727010543592,train
S324D,0.7746171850006895,train
K42H,0.690601288945226,train
G423Y,0.5272163104751073,train
A438Q,0.6892804297758736,train
R333G,0.637715580806439,train
A115F,0.7142759000928853,train
Y347V,0.8239135873356733,train
I400V,0.7565400818493871,train
N245V,0.6537673868065962,train
F373C,0.6527152948445348,train
F303I,0.6474837149931858,train
A49W,0.6065106792355485,train
D106V,0.6294674362835618,train
S61C,0.5982564903985227,train
H165Y,0.6500419709566133,train
D393R,0.5158687037945977,train
D106F,0.5906437755838693,train
P121D,0.6000061216333542,train
V339W,0.563225594460437,train
G318L,0.5860534014325355,train
L246E,0.7939143569706921,train
R310Y,0.74423138685255,train
S198C,0.6990910295061836,train
E99R,0.6480121264476275,train
S198W,0.6944144673893139,train
R175T,0.594078019309746,train
R175G,0.584384125682531,train
E433D,0.7072994693813294,train
I237L,0.7305721618825604,train
L164T,0.6800285478041245,train
R259M,0.6201505214457972,train
V288M,0.7040664321176798,train
A289N,0.6014711334584838,train
P202L,0.7487702360502121,train
G358R,0.7257742474491496,train
N306R,0.5087759270967944,train
L285S,0.5581339094127252,train
F439P,0.4039529173736192,train
S148I,0.6320260876694104,train
N231K,0.7917445258635784,train
L354M,0.7276003081890574,train
I120A,0.677743641711402,train
R11E,0.7313266561061754,train
R333L,0.6066550649081094,train
Y347I,0.7806363262756048,train
P388T,0.5621696471297714,train
G108P,0.5902100536770137,train
P377Q,0.5645012554348527,train
F414G,0.6137371510783179,train
E79N,0.722907328980604,train
Y41W,0.4994976224339888,train
T283V,0.6231916023074237,train
H435R,0.6008979545370998,train
A307R,0.5166343687016044,train
R359S,0.7587332358182218,train
I237M,0.6753199070433559,train
I381N,0.5726881659714012,train
W268D,0.4572548429160204,train
D216F,0.7559181247479342,train
P224Q,0.6840176539199581,train
D446W,0.6669006081622431,train
S324G,0.7486176524235314,train
T140Y,0.4484950782693623,train
H8L,0.6753045279356271,train
V137Q,0.5283325314805078,train
G353R,0.7312818674558891,train
D130F,0.7109874048346988,train
G391L,0.6013445559170946,train
L431M,0.6778958440378913,train
V336G,0.5767623726411132,train
V104C,0.6129983184070181,train
I9E,0.6343529085387526,train
D58I,0.6214533818338821,train
R368I,0.7946387143569396,train
K338R,0.7372740564561484,train
H286Y,0.7907337414222759,train
T340L,0.5545102159805295,train
E215R,0.7203545736254963,train
D31W,0.7332998634144761,train
H34Y,0.7476919191083047,train
D422H,0.6275253190631077,train
D445E,0.7800122367175245,train
G81M,0.6436875750187716,train
L60F,0.6534741528370095,train
Y68M,0.5119120505617399,train
V137I,0.7451542109885368,train
V311T,0.7301157243698447,train
S122K,0.805793496118323,train
D349W,0.6009579457672483,train
L218Q,0.7408424331161003,train
S100W,0.5470745374326234,train
P15V,0.6509578752002336,train
E14P,0.7027086856853453,train
V344Q,0.5155657819756979,train
G367W,0.7078876249269065,train
P121G,0.5924133050398117,train
L354E,0.8456220522896918,train
K338L,0.6789255875720548,train
V135G,0.6227184228918499,train
R361P,0.690314240512081,train
F360D,0.6710258102020271,train
K42D,0.6496379410369016,train
V344D,0.4862191963164806,train
F304W,0.6175118252641667,train
K91W,0.6304129901476382,train
L246P,0.7405031959845058,train
S198I,0.8055360302250448,train
A6E,0.7921348572208502,train
F166D,0.3428692762983,train
D193A,0.75924906436634,train
L86Y,0.5503756085360187,train
I325T,0.6841660714889897,train
W396T,0.5377547557823068,train
L387P,0.5612022320547086,train
I332T,0.6130013405640924,train
H286W,0.7269482424946956,train
L134Q,0.6066192933012435,train
K62Q,0.727007718263474,train
S418F,0.5896095764863554,train
T140D,0.4487258072519817,train
Q282K,0.7690785031505621,train
I416P,0.598474170441251,train
D446I,0.6772056836299405,train
I9N,0.6395480389162284,train
W76H,0.6704341947102668,train
L86F,0.6383935043026845,train
S406T,0.7298209228328035,train
G408E,0.6859004577772709,train
G397K,0.4844906636922521,train
P179D,0.713977200820552,train
G150L,0.5102086555056999,train
R269Q,0.6594178955295888,train
T111H,0.6300450637071815,train
D422A,0.630445174708257,train
A265D,0.5408979262396828,train
E337R,0.6836985974540609,train
F439K,0.3446578283971356,train
P183R,0.5679839525295243,train
H87W,0.6659314419307448,train
K330G,0.7502791256418369,train
V288T,0.7624723078639566,train
I29M,0.7181214396254586,train
K316Q,0.7312432643420447,train
P179K,0.6851637010736811,train
F350Q,0.7001897248249989,train
V189R,0.662443731444665,train
V135W,0.6288902042823632,train
F107M,0.6439538778970464,train
P417G,0.6804027727588576,train
L54H,0.758621359517554,train
R269Y,0.5368817901769319,train
P114Q,0.6512968157650125,train
A163F,0.7026464666735217,train
P133Q,0.5716041154043902,train
E312W,0.7066596547209021,train
R73K,0.6538285078150903,train
K91S,0.743067058472973,train
S198N,0.6942762813754242,train
D130N,0.7448301411312312,train
N242F,0.6831731304844323,train
T210P,0.7547382124883034,train
D315Q,0.7206858246364107,train
R368H,0.7187932199519502,train
F287H,0.6040440906626328,train
K239M,0.6313835544798391,train
D410W,0.5268050711573282,train
E261A,0.5740140455932766,train
Y374P,0.6482365004270532,train
N426G,0.7250818345456225,train
I325V,0.7304058585100959,train
T192D,0.7338075151918183,train
D168Y,0.7347944542489149,train
Y390E,0.588680955175233,train
N253M,0.6695326810183228,train
N253I,0.7065257830480693,train
I9P,0.6338844177033128,train
P36H,0.5873087405189608,train
R292Q,0.5063438532523352,train
F409I,0.6766802590269998,train
R345P,0.5635996923151062,train
Q236V,0.5459424712859264,train
L196P,0.7815849870301314,train
P300Q,0.5998186631613693,train
S174G,0.6909426585334477,train
R73S,0.5723029821667163,train
K338E,0.7064253175086916,train
F287S,0.6707134406117127,train
V339K,0.6051805347004185,train
L348W,0.5689228124569032,train
D420I,0.650129782978521,train
F304T,0.6717445328187762,train
Y444P,0.5117362852956315,train
V311N,0.662048047762481,train
G437D,0.8269937797113996,train
P298R,0.6276069031818856,train
L389C,0.6453501850765373,train
L354S,0.76000999126541,train
H435Y,0.6718050536325243,train
F439E,0.355824105653185,train
M402N,0.6728220518547271,train
F287C,0.6689234762899452,train
K234N,0.6952374826695863,train
G305I,0.4458624122796512,train
S258P,0.5460511135960802,train
A392W,0.5461963466024002,train
A163H,0.6537993312893166,train
R11W,0.6094002709432663,train
E178P,0.7051110322370874,train
H277G,0.7885276091246968,train
P224Y,0.6064050732046984,train
E131H,0.7061424421943107,train
H266V,0.5657436020703044,train
L196K,0.6849026657869424,train
G353V,0.7156285060337476,train
E131D,0.7865138286515617,train
T413S,0.8137771242249342,train
L230I,0.7015532613713543,train
G391P,0.5804251422818355,train
L151D,0.4677247247998745,train
P161A,0.7412045058925042,train
H8Q,0.7529606616061076,train
I381K,0.5384983900115753,train
D290G,0.689672533472925,train
T340A,0.6188776001838693,train
D193I,0.7028293883793377,train
D372F,0.6907595779525517,train
L363V,0.7337480747286131,train
P377I,0.5830459597211477,train
S317K,0.6643938700913725,train
K234F,0.6115695442223219,train
E434K,0.6767068300014641,train
E251N,0.7342112873808448,train
K62Y,0.5718025609707855,train
D341P,0.6320387835535685,train
S197D,0.7286113609527168,train
G72Y,0.3995614689444776,train
L196I,0.7576406695469312,train
F409M,0.6456955936223444,train
N217M,0.7225962939409601,train
C88S,0.586431976033899,train
C26R,0.7175432190682075,train
N365K,0.7431199320995447,train
F414C,0.6486256031503742,train
K301F,0.6466387537685511,train
G213H,0.7393067254109981,train
A428Q,0.6384644543827849,train
Q236G,0.6021038375764488,train
V104P,0.6545682019423786,train
K172A,0.7296252558150267,train
A346T,0.7260001466293418,train
F350K,0.689635519109879,train
T7N,0.7103110700892517,train
L66F,0.7300285549093711,train
L56R,0.4655375586562713,train
P15T,0.6655607757778002,train
D51Y,0.649322528106169,train
S33N,0.7297094843212446,train
G92R,0.5539389435601036,train
S322W,0.626064190851041,train
S322A,0.7126253716023023,train
K331H,0.6625616379372521,train
T302G,0.7738477000306521,train
P112F,0.600141172512335,train
D201S,0.6798332514948673,train
K243C,0.5963380420344078,train
N245Q,0.6420001380818624,train
Q28P,0.579547022062759,train
A346L,0.6674668530690313,train
V248M,0.7764905340254731,train
D51I,0.6829411587456329,train
P369R,0.7444241623438735,train
S154Q,0.6630598419431798,train
T35S,0.6995436963836711,train
N253D,0.7352093794685464,train
Y125A,0.60417195332689,train
R83D,0.6482820728610666,train
N378V,0.5622795886850224,train
D48I,0.6725370582059482,train
P179I,0.7943483895665926,train
S102H,0.669383853904641,train
A6N,0.7303353462191043,train
P161C,0.6656013136370613,train
V336E,0.5885835541596175,train
T199A,0.7358365264892742,train
S324W,0.5776190976827709,train
R269W,0.5463825199515171,train
W170Q,0.3791619651816101,train
Q28R,0.6282374324765354,train
P298Q,0.6551418045306422,train
E178W,0.544812410495793,train
G305A,0.5766298213967218,train
E105G,0.6737931881372154,train
G391S,0.7083989202394132,train
P297D,0.5633591060164219,train
A163T,0.7279321417419312,train
G176W,0.503665148795043,train
R345F,0.6108360497537049,train
K412F,0.6309410626685762,train
D124V,0.55688043446057,train
F425W,0.6646625525652876,train
G395H,0.496017650929576,train
D372N,0.7511083829474685,train
W268N,0.509921070427841,train
W76M,0.6438152399718184,train
F287P,0.5905324076834569,train
L54A,0.7903175522631204,train
P369W,0.7227956150855733,train
L60T,0.5451700277088466,train
C144E,0.4910143710374034,train
S148T,0.6879939370515697,train
D130Y,0.7175848443391263,train
S197R,0.7354200195799591,train
T113N,0.7075261417535768,train
T385Y,0.6497837601157386,train
G326L,0.657240099485139,train
V84R,0.6310537015696273,train
T127D,0.6876822029615747,train
D159Y,0.4664885495786355,train
A279R,0.6842277503255418,train
T210C,0.6798252583130726,train
L218N,0.7507847438181572,train
W384M,0.5793420802708767,train
P417D,0.7516606609694598,train
P404A,0.6446893071110802,train
Y39F,0.7311579537200052,train
A380R,0.7103476042965008,train
E434Y,0.5906772311451267,train
H43L,0.7740540822899249,train
I237N,0.5240498524615839,train
G108W,0.5528375367732591,train
V181M,0.666845460856751,train
D445A,0.7003901475034989,train
D201N,0.687198855540891,train
I29R,0.6983790008261319,train
E399D,0.6362231153675126,train
F350M,0.6876682501990071,train
A158C,0.7177536614684097,train
S33H,0.7140879190984156,train
P355N,0.6696472546647906,train
K223S,0.6997393987070211,train
N253Y,0.6645035292020371,train
E280Y,0.610242887877834,train
P128K,0.7405497004856544,train
V93D,0.5054675406786115,train
D18T,0.7537736289202193,train
A71P,0.5414100688859486,train
G367I,0.782107114092526,train
D216H,0.7261471166698681,train
F4E,0.6802078577497921,train
G81F,0.6448303740597512,train
C26I,0.8477017270848309,train
V93R,0.4933493121886042,train
G256L,0.7263387553217315,train
S143Q,0.7215591150530599,train
R359W,0.6707745192535188,train
I225K,0.6879745260473703,train
L86I,0.7303619242546834,train
I136L,0.7581174713143254,train
T111V,0.7151708575398678,train
F373T,0.7022884010796872,train
Y68H,0.6144994266502879,train
I116R,0.6693346520576924,train
T233W,0.4517157091545548,train
S324Q,0.7079716521913566,train
S44G,0.7213648461359858,train
D420M,0.6369560308247276,train
L354T,0.7488219657762089,train
S174Q,0.592927325942577,train
F350S,0.715978617281918,train
T385S,0.6976080683275891,train
C144A,0.4897960745584827,train
F110L,0.6820993044114484,train
E131Q,0.7126692987966001,train
V93N,0.5220436909311665,train
E261G,0.5535616964482961,train
E251K,0.7152587896007246,train
A279W,0.5967827934023617,train
E105S,0.7157134300597595,train
A262Q,0.4929673623744334,train
G358A,0.7596575427882872,train
F425S,0.6553467392614098,train
D420Q,0.6553252664117297,train
S143M,0.6761036272205472,train
H87P,0.6546684132816287,train
F200V,0.6669350028517503,train
E178H,0.6446738926977782,train
T7P,0.6354234723767637,train
D410Q,0.6448552009388945,train
I129P,0.570698372104765,train
H43V,0.7520831415817771,train
G305E,0.5403780587339793,train
S198Q,0.7007648526140289,train
A335R,0.5367441266855271,train
L119C,0.535268212499363,train
V123Y,0.5834896942885907,train
S59Y,0.4632667606706389,train
A49N,0.7498541383338154,train
L285Q,0.5197192284741207,train
G305Q,0.4956578447709779,train
V104Q,0.5923687352840799,train
I212M,0.7163905980167364,train
I116K,0.6533425830875559,train
D315Y,0.7369479812422796,train
A346N,0.7213410819545987,train
G411S,0.6016327764952729,train
K5C,0.559606406019394,train
D422L,0.5891430486407911,train
T314F,0.7242755188015201,train
H286A,0.7921710948612836,train
W430N,0.8241636567113455,train
H277Q,0.7628300027492715,train
E101L,0.7003683710258884,train
A13K,0.6417782778592557,train
A71Q,0.5398604225405083,train
A279H,0.7086151174480629,train
Q117T,0.6974126943460708,train
E101W,0.6143272766748852,train
E97G,0.5904468269737817,train
G108T,0.629674454043154,train
D341M,0.5629969979344448,train
E45N,0.7333639006633246,train
T7E,0.6671842813825806,train
A228P,0.6389948711937898,train
V357E,0.7425191442198414,train
K296W,0.5996393108490137,train
E85M,0.7053448963546156,train
D201Q,0.6632312716848873,train
P355Q,0.6727480513730938,train
H419C,0.7370065178828082,train
V336H,0.5540166016991307,train
H435Q,0.6461651012582952,train
K398Y,0.5401052031413003,train
I325Q,0.61240572142032,train
L190G,0.540596995655117,train
A244T,0.6556668548945059,train
A328V,0.711921279615128,train
W430C,0.8453239037843019,train
G81P,0.7340677666948298,train
C270P,0.5002390112287955,train
C270T,0.6768154017004713,train
A244G,0.6185624767588376,train
P112V,0.6272540027934246,train
I429Y,0.5856294238639103,train
T3W,0.5817371679967487,train
T16W,0.4291744845820336,train
K234G,0.7060312861273381,train
G276T,0.6205117257050979,train
R221K,0.7876557026865209,train
L321N,0.638884428299398,train
S329H,0.5442137550727169,train
K330E,0.7459115790858183,train
V227H,0.6814917096172132,train
K294D,0.5664886485225047,train
S418Y,0.5875858469026649,train
G256M,0.6897882651421969,train
N245C,0.6257933123704668,train
N366H,0.7248642180529261,train
D422Y,0.606350038877041,train
N366S,0.7746506546841764,train
L66W,0.6532460647112729,train
Y444M,0.5727789012947779,train
I382A,0.7358200176031999,train
L240E,0.4223548600437249,train
S254D,0.7000738943001217,train
T192I,0.7209137503565102,train
F22H,0.7675717954433672,train
L21F,0.7530689014327256,train
N366E,0.7588731588663179,train
G367V,0.780791557820283,train
E219V,0.7461731722006151,train
F443W,0.5634273163840344,train
L54K,0.7959373239539994,train
M1L,0.5029432769211557,train
N253V,0.7205210676480567,train
K301R,0.7053232822826424,train
R255L,0.6585956781552729,train
P36D,0.5609078824290057,train
G375L,0.6070414208578279,train
G176H,0.5748103839823648,train
G326T,0.7068470990706577,train
T111S,0.7323882593896833,train
D27N,0.5705980477876804,train
L196F,0.7145591920130313,train
K250W,0.6391446586190654,train
Y347R,0.739859801338946,train
L70R,0.5439322990423825,train
S82E,0.7655750675621352,train
D372K,0.7084457424907215,train
P355G,0.693587872123909,train
G358Y,0.6800127450295161,train
L56W,0.4864361702477429,train
K62L,0.6645650315107229,train
F439R,0.3606508294344072,train
A289S,0.6823561595183085,train
L230M,0.6720061965447196,train
T37R,0.6116280667406213,train
Y39H,0.6759809332922209,train
S154I,0.5980943248392487,train
P298C,0.5548115561097455,train
P388F,0.4771656892999802,train
R269P,0.4958371970833335,train
K398A,0.6104468128692052,train
F22R,0.7705859734581403,train
K172Y,0.6149305359447194,train
F22Y,0.757822549738335,train
E178N,0.6787526467518101,train
R206Y,0.7493955542422431,train
H266W,0.4875586050340439,train
L211N,0.6945041011788038,train
F360Q,0.669539812744129,train
E45T,0.7326871210676539,train
K243R,0.7041638543166393,train
G150Y,0.4777513663943118,train
I382S,0.7386714439861823,train
L185N,0.6698490260161907,train
N89I,0.6111054454002005,train
A428W,0.6382322143216284,train
G176Y,0.5391867498352878,train
G276Q,0.6746487551560689,train
G411T,0.5488412565649312,train
K57W,0.4863138717418374,train
S61M,0.5487731168084654,train
T314D,0.7059005778338729,train
A438H,0.6744290838790066,train
A438L,0.7467684524108839,train
G421K,0.6315477253956764,train
F373P,0.7024828218107265,train
E219A,0.7376608360727465,train
L47D,0.707398392067154,train
P161N,0.7136282122896125,train
I132D,0.6542322199846422,train
T252K,0.7465578970328471,train
I237P,0.5006042403234523,train
L351G,0.5978864315014387,train
Y125P,0.6159156038064312,train
T252N,0.7555942455407245,train
N306H,0.5526339507153915,train
K42G,0.6609332954689298,train
I212G,0.7396855895180626,train
D393K,0.5429766760288015,train
K30Y,0.7860533309979167,train
S322E,0.7854511167730521,train
R11A,0.7331474351323177,train
T37S,0.6865133625297303,train
T16V,0.5858032826290607,train
V181A,0.726848218274984,train
E433A,0.721564135505583,train
L295S,0.6472937851310699,train
V311G,0.7151267644093755,train
V181T,0.731869871187501,train
L363T,0.697382981175583,train
L240S,0.4713798684367644,train
K250F,0.7200580703598221,train
T210V,0.7717947656767291,train
G152A,0.767564932039918,train
V156T,0.7292930903897639,train
I116T,0.7045351559699033,train
V135N,0.6129815694430454,train
R292M,0.4595780626168862,train
I332H,0.4660121502947769,train
I237T,0.6192724859600967,train
S61R,0.6029901910552184,train
Y390L,0.6127631974110804,train
P377S,0.6694428071509345,train
G108V,0.61366988690007,train
A428K,0.581355627727228,train
W430F,0.7642332439433582,train
I95V,0.7508655723976664,train
F304D,0.560660602193624,train
G92H,0.5148861638119341,train
S154F,0.5843313367893352,train
R345M,0.6376604335009469,train
S148Y,0.5658419775197429,train
R11I,0.6890113306961936,train
V123L,0.7079789533839147,train
F260N,0.5978862479124576,train
Y390C,0.6353903486878951,train
E45Y,0.648893876079639,train
H87D,0.8088694553558109,train
S174W,0.5498100132517793,train
G421S,0.6364872293002428,train
T35W,0.5970710422249987,train
S198G,0.7037011606563351,train
R292C,0.4930516438390112,train
V357P,0.719018109392746,train
P69S,0.5528746499919103,train
E191W,0.6808534201575523,train
F142S,0.4479442830814495,train
N89H,0.6264080530127376,train
V336L,0.6709863385710796,train
R11V,0.7063001027624317,train
D364R,0.7369950153270276,train
I427V,0.7702759781676302,train
I267D,0.4693451658808927,train
C442R,0.7249381408622981,train
K188L,0.6971222071500867,train
H277S,0.7810112785251478,train
F142V,0.5070670243713199,train
F107R,0.4757195165287626,train
I136E,0.6520583569810579,train
L54M,0.6930998573064353,train
I9M,0.7059746418655383,train
L299R,0.5149597123822292,train
S362R,0.7427584453956576,train
L54S,0.8001605483874891,train
P208M,0.6445953236749601,train
V84K,0.6050151351506304,train
Q138L,0.4503801981722836,train
Y444T,0.5483419227806581,train
L205S,0.6767427640139672,train
K188E,0.7044358131477565,train
F67R,0.5498525494064891,train
S100Y,0.6094642587643122,train
V10Y,0.5656487006892784,train
G145P,0.380195994812372,train
E337Q,0.6793978066760349,train
E280N,0.699851606880078,train
I129C,0.5491042689637746,train
Y41L,0.54819063133796,train
N89R,0.6207244912120231,train
K330S,0.7662582657110315,train
A46H,0.7253788603337814,train
S33Q,0.715484113300072,valid
K62T,0.6543234495860452,valid
R55I,0.7109159957821456,valid
I212A,0.7484391192004762,valid
P15I,0.6283503961888608,valid
E178T,0.6879432806150012,valid
I180T,0.7791119304761874,valid
E97H,0.5985215928873053,valid
E14H,0.6667458708955911,valid
T302Q,0.7138926227891584,valid
S254E,0.7131374224540775,valid
Y68P,0.5901083312592266,valid
V153G,0.6282764663183741,valid
T113G,0.6360038818795591,valid
S319C,0.6806716458828685,valid
F4R,0.6893934499771162,valid
I120F,0.6696530730232702,valid
G326I,0.6558121443897433,valid
I149V,0.7205286018573985,valid
P182V,0.7640603101842283,valid
L60Q,0.4769988210383429,valid
I400A,0.687470920288728,valid
L54V,0.7581376378577934,valid
T385I,0.7718115534768324,valid
S329Q,0.5517855295445736,valid
G92D,0.5862839891928616,valid
K222E,0.7369568535328495,valid
N366K,0.755456116015752,valid
V311Y,0.6736161306871242,valid
P388H,0.5749933939521141,valid
I180W,0.6124251253634048,valid
E219S,0.7486660987312114,valid
Y374F,0.7283744676169995,valid
P12K,0.5247207430876284,valid
V344P,0.5323092382789991,valid
A264R,0.5402713511692423,valid
G403T,0.5911517945391738,valid
W170L,0.5448425896998484,valid
V65T,0.672090944042865,valid
N24M,0.610918184639426,valid
L321C,0.6706312280537301,valid
F200Y,0.7816044615843627,valid
P369F,0.7751340797771212,valid
F360A,0.7302485227532491,valid
I29A,0.7470806949011344,valid
D356Q,0.6729915115454446,valid
I129N,0.5645901125017301,valid
R221Q,0.7745851840290519,valid
S424C,0.5996323627121886,valid
E105V,0.6535607362249664,valid
D27T,0.4702400068194833,valid
V357Q,0.707365123625435,valid
G50Q,0.7659648269691196,valid
A25S,0.7871087840505562,valid
P161L,0.7637853256654794,valid
D290Q,0.5595311910260392,valid
G437M,0.7062930204644281,valid
D124P,0.5873630828573816,valid
K331Q,0.7062723631734912,valid
Y390M,0.5597183670534378,valid
D315M,0.7554042097618888,valid
L185S,0.6639881172596839,valid
Y68G,0.4893261150111937,valid
S59G,0.6639635233973242,valid
D27P,0.4657911374059293,valid
P297S,0.6320213002336711,valid
C144R,0.536685307600412,valid
A386E,0.7349811783649752,valid
R55K,0.7721768284687345,valid
P69N,0.5237421149624861,valid
L387D,0.4648143875372865,valid
A25T,0.7443188952465273,valid
T192H,0.7033751560536129,valid
N245S,0.6927541204187966,valid
L246D,0.7648917070076018,valid
T113I,0.6684101756208751,valid
K223W,0.5597785559947968,valid
L185H,0.7111231265195723,valid
L64V,0.5458038192384692,valid
W384P,0.5342710418871244,valid
E399W,0.5282198925794569,valid
E99D,0.6543832995939005,valid
A313L,0.6769367540170123,valid
V156F,0.6983848968568727,valid
N376L,0.6666523746763824,valid
L74M,0.6390968831172781,valid
S324L,0.6787998856088834,valid
I309C,0.7048808752047554,valid
S59I,0.4841168200377106,valid
F304H,0.588653402705831,valid
I29Y,0.6899683941771652,valid
S322Q,0.7189617828811058,valid
T327M,0.6987761037923623,valid
A262M,0.5729833205641754,valid
V339P,0.606657437442635,valid
G90R,0.6559515731598131,valid
L235M,0.7136507513676061,valid
G403L,0.5737444663577997,valid
I180Y,0.6729505147137305,valid
N89T,0.6820725710313469,valid
P17Y,0.5630516085952226,valid
L164M,0.7299892951118633,valid
A49V,0.7354622732900825,valid
Q138G,0.3956870070862584,valid
F200G,0.6378995581488967,valid
E251A,0.732774830703399,valid
E14V,0.6834801336276054,valid
D51F,0.6693656856566216,valid
S383P,0.5954846357166401,valid
D124H,0.581059371600567,valid
R11K,0.807710147428757,valid
V147W,0.5788972582917762,valid
S203D,0.6875823023113696,valid
Y68W,0.5360656806667967,valid
A335C,0.6036318486665719,valid
F443T,0.5283728504452146,valid
E101A,0.7290614646455827,valid
T37D,0.5772930860189339,valid
K398W,0.5048688428888475,valid
S319H,0.7270616016294419,valid
L119G,0.4787144177005148,valid
K273H,0.6150187716335066,valid
I415F,0.7249451525491551,valid
T226G,0.6754363095185205,valid
P15Q,0.6970595256352528,valid
E337A,0.7543890403683828,valid
D342S,0.6938286314199025,valid
K330C,0.6622549172386654,valid
I20R,0.782138585480564,valid
S362N,0.7423661228040517,valid
P417V,0.6287745573464671,valid
S122C,0.6929272059918917,valid
S362L,0.7318874215879877,valid
P300V,0.5432452102193087,valid
K398D,0.6221996710422626,valid
P417Y,0.6153943099555664,valid
G391C,0.5987691979339613,valid
A118L,0.7603554774834783,valid
S33A,0.744992603257321,valid
K301T,0.7320321179495937,valid
N365L,0.7952421642768697,valid
K250H,0.7188488403521244,valid
G403D,0.5586636766011817,valid
A158M,0.6896712624722863,valid
G90I,0.6656885395864521,valid
I447C,0.6315852340367485,valid
I149S,0.5200618761240958,valid
H401T,0.6338596120075134,valid
G423H,0.5351040274612963,valid
A77M,0.6876858323745098,valid
G395P,0.5087057678615359,valid
G256A,0.7566345666246482,valid
D422K,0.6696136437590106,valid
R83Y,0.6625663406396155,valid
G213Q,0.7481052132104499,valid
T226W,0.5573673265608129,valid
S162F,0.590773248182269,valid
L86C,0.5057946397541061,valid
S162T,0.7282754213616683,valid
H401M,0.6533004847219549,valid
S122L,0.7447782631218267,valid
E399H,0.5888647983565122,valid
D445G,0.6907717654364544,valid
P133W,0.4792028491237535,valid
N426Q,0.6665539921658292,valid
P297V,0.5981028687879869,valid
G213C,0.6977556385628616,valid
F303G,0.596772766619545,valid
A428M,0.6818916793959955,valid
I132K,0.7008115124597,valid
R55W,0.573505136937525,valid
V84Q,0.6062665341350757,valid
L232V,0.6744920831440002,valid
L299S,0.5538095556950798,valid
Q220W,0.7248547490981675,valid
G391I,0.5931705672203733,valid
I95G,0.5716296766394582,valid
D18A,0.7343876563722567,valid
A264G,0.6545791537312158,valid
S319F,0.6797376016356874,valid
D51W,0.5914907845317552,valid
G403Q,0.5356522100367851,valid
A264D,0.5475332274409155,valid
E14S,0.7323402932378003,valid
F229T,0.7275423364377015,valid
A63D,0.5576285030698448,valid
S61W,0.5236293065946833,valid
P121M,0.5177515641408279,valid
K301G,0.695724586603269,valid
L151W,0.6002531900352961,valid
G423D,0.626127472560621,valid
Q432W,0.5485807014339894,valid
W170S,0.4422826531028679,valid
P208N,0.6684847974805985,valid
L151K,0.4847544386914788,valid
L56I,0.7266301957681948,valid
T327A,0.7305552575740651,valid
M1F,0.4583961167562335,valid
K234Y,0.6027205976975123,valid
T199Y,0.7379547973371432,valid
T140K,0.5227860117931082,valid
Y39P,0.5351970082191349,valid
A289Q,0.5457208228967595,valid
V123G,0.5571248196389412,valid
S102N,0.676298266846141,valid
C88T,0.5388015942750615,valid
A228Q,0.7166937069551748,valid
K352H,0.7090073411840636,valid
G176Q,0.576388190053068,valid
G411F,0.487052605557532,valid
F142R,0.3783824746120998,valid
D420R,0.6706037391343601,valid
F260A,0.5495517600442165,valid
P15N,0.6497475577808784,valid
G375E,0.6581519718322886,valid
L47G,0.7209917015317956,valid
F360H,0.6542098644956298,valid
V357G,0.7224065194233669,valid
I309G,0.7550431467248813,valid
I429T,0.6542435177680977,valid
I173M,0.7221570361202114,valid
S162Y,0.5348283050560655,valid
V204F,0.7415545253461839,valid
H87I,0.7240806955869452,valid
T252H,0.698048900776907,valid
E85K,0.7037163349917388,valid
F350W,0.6849028776203822,valid
D31S,0.7982831462828908,valid
Q281G,0.6598880739714322,valid
H419Q,0.7703169026229189,valid
A71E,0.5722222595039269,valid
K412V,0.6618722189463406,valid
L205N,0.6486781660879007,valid
G146D,0.505071101457159,valid
A171Q,0.5337956594037768,valid
Q282R,0.7328407638615336,valid
H419L,0.7865308247545475,valid
E45W,0.5786336386370722,valid
A78E,0.8128936022531431,valid
I149D,0.4095311697102994,valid
E238V,0.6554681127612949,valid
E99S,0.6546615357559502,valid
W384V,0.5881850248482258,valid
E101P,0.6547896808647938,valid
P202T,0.6995926369693772,valid
R359P,0.7233915590406201,valid
A25M,0.6982469862264546,valid
G423F,0.5082266571096481,valid
S322L,0.6821757056720661,valid
L139D,0.4887246492644831,valid
A71V,0.6097740298644319,valid
S284Y,0.710373928131952,valid
N24F,0.684484916121447,valid
I237V,0.7214706675308329,valid
Q282E,0.7745222765585489,valid
C26V,0.820749699567886,valid
A274Q,0.5256473590421875,valid
G256I,0.7050310227468787,valid
N75W,0.6692669006625328,valid
I325R,0.5787846476351839,valid
A346Y,0.6751578897674897,valid
F166T,0.4762198106246296,valid
K441Q,0.7191558576175269,valid
R359H,0.7120691040505281,valid
N376W,0.6016913837469482,valid
T210K,0.7346474277194713,valid
T302I,0.6542873249234463,valid
E14T,0.7105630177214233,valid
E79H,0.6746589443445229,valid
I173Y,0.6677587242434887,valid
A46I,0.703522669799968,valid
P15D,0.68276911468695,valid
R368G,0.7683839648515224,valid
T199R,0.7377643025858546,valid
D420L,0.6566118579916388,valid
D27K,0.4883265153755123,valid
W396N,0.529402078518008,valid
G326Q,0.648520583192041,valid
L74K,0.50467791034845,valid
G405M,0.6196515548394863,valid
V263E,0.4753743974886567,valid
L151C,0.6176441646751183,valid
C270W,0.5800035513699653,valid
S82Y,0.660644107518043,valid
L139A,0.67890556225088,valid
K172S,0.7105180278293692,valid
A49S,0.7477331913234905,valid
H435D,0.6356779196435248,valid
D58K,0.7225677740988498,valid
L354C,0.6838117094497942,valid
N253W,0.6230320917272617,valid
N426I,0.7294628890139849,valid
I309Q,0.7339883503382524,valid
Q117E,0.7220575520757714,valid
D109F,0.5771721714915017,valid
D201F,0.6357030925172866,valid
P355M,0.6169385474871775,valid
E79D,0.7757017563249067,valid
N293G,0.7581572748176619,valid
V263P,0.5048193303528539,valid
R259V,0.67936771926647,valid
L308K,0.6248126930109905,valid
L246W,0.6318379513304181,valid
C442M,0.7979578619138638,valid
F303L,0.6587419844510213,valid
L235D,0.8210145761009995,valid
V288D,0.6463881689315087,valid
E19C,0.6873928526050507,valid
L134S,0.6060847104325893,valid
A307K,0.5106775982524779,valid
A177Q,0.7641183737300747,valid
D51Q,0.7286384050218633,valid
P369N,0.7379298009912479,valid
N366R,0.7471604643134447,valid
K250N,0.7660072148404217,valid
A265G,0.7240567178068396,valid
E191H,0.7459004013413121,valid
L47N,0.696697710589534,valid
Y374Q,0.6653384000938232,valid
A265E,0.547146165379731,valid
T35L,0.7239415845670351,valid
I149Y,0.5705866935153077,valid
N75M,0.7139698572613059,valid
I120Y,0.622673584813761,valid
E45I,0.6696041959875959,valid
L348I,0.7647117121338121,valid
A6S,0.8354742984566118,valid
S317R,0.6416113672309304,valid
L134G,0.5541991456353125,valid
D31T,0.7976936420644136,valid
Q220K,0.7708195410088529,valid
R275L,0.6453202388892657,valid
A71M,0.5529292041637709,valid
S203L,0.7412870997506783,valid
D446T,0.6646872876499403,valid
K62H,0.6660401830965037,valid
D31F,0.7710185867699942,valid
L151R,0.4898753849983401,valid
S197N,0.7230116428274712,valid
N89C,0.5937156146609532,valid
G146W,0.4599177869653922,valid
P195Q,0.693063739704951,valid
R241L,0.5401924643962646,valid
I95N,0.5551802451505856,valid
E337N,0.7048902523650235,valid
L232Q,0.5207366503632032,valid
D186S,0.6155796359709241,valid
H8P,0.6506736512129527,valid
D315S,0.8601168260184747,valid
A328F,0.5878018464001041,valid
I120V,0.7834172191842517,valid
G375R,0.6586261256816854,valid
L66G,0.7060121928732983,valid
K172V,0.6413091091568086,valid
P404K,0.5387103505514292,valid
T192R,0.719956178475283,valid
Q236H,0.6441368525612223,valid
K352C,0.6476362844976372,valid
P298M,0.5882714952583481,valid
I415T,0.6446247755842055,valid
Y444E,0.5857657598657592,valid
E399T,0.6302983882567117,valid
S33V,0.7517755311827433,valid
S362T,0.7307784947140306,valid
S197Q,0.7214388148426032,valid
L119E,0.4786093200699203,valid
A98F,0.5458013619705676,valid
S319I,0.728583554283187,valid
F4Y,0.7035139987511659,valid
A63N,0.601327990542103,valid
K441D,0.6625720460202605,valid
K398S,0.6330028869658557,valid
R333H,0.7103279602755176,valid
Y39E,0.5099998159785256,valid
K223P,0.7248440479789007,valid
A328Q,0.5493078126549542,valid
Y41T,0.4733869196676288,valid
F409K,0.6103166482815688,valid
T302V,0.6533844343141437,valid
E433F,0.6368720953547682,valid
D48F,0.6888884814233446,valid
L56E,0.4538632765671467,valid
F4G,0.5958902402649209,valid
Y390W,0.5747034080952709,valid
G411D,0.5915540379968766,valid
N89M,0.5727214944325949,valid
P112D,0.6318166408863752,valid
P202I,0.7056030154009998,valid
F96D,0.5596170259358422,valid
P207K,0.7121243360893961,valid
L363F,0.7277754520770758,valid
K250M,0.7119390453796117,valid
T385G,0.6486653784092521,valid
I225M,0.7232693099625173,valid
A279G,0.7177511265282469,valid
F107T,0.5534759745163278,valid
K412D,0.6047716396727064,valid
Y347W,0.6764943045724374,valid
F200P,0.6664180445252866,valid
D48Y,0.6527362098661568,valid
I116F,0.7475865390331238,valid
T113M,0.6271072728307967,valid
D372A,0.7162601792289723,valid
E14G,0.6570778068258011,valid
P183V,0.6059838353485612,valid
P121V,0.554727726556506,valid
W76C,0.6471811885967069,valid
K296G,0.6715811386255515,valid
D216L,0.7689029920845813,valid
L70Q,0.5947026172680818,valid
M1R,0.4523401376461387,valid
A386N,0.7773541083483506,valid
P298E,0.6547726070895468,valid
L134F,0.647696833555844,valid
K222A,0.7191898180484825,valid
P112I,0.6070877700144539,valid
W430G,0.8185224121707865,valid
F360S,0.7039503473926749,valid
G421F,0.5383630284435494,valid
I416L,0.7655811401207425,valid
Y374L,0.702246119125105,valid
P17A,0.67390171040842,valid
L196A,0.7335867494419838,valid
D446Q,0.6515930718916736,valid
L70K,0.5395907162049675,valid
G92K,0.5284031708715633,valid
E79C,0.6017599048036056,valid
L23N,0.6237116816465669,valid
A264S,0.7385133032622644,valid
E434F,0.5664241946678912,valid
H43D,0.717738487133006,valid
A386I,0.6805570157474834,valid
V227R,0.6905775282943961,valid
D349L,0.6363184757209914,valid
L54G,0.7800937007973532,valid
K330D,0.7176143244928305,valid
G403S,0.6235903434522552,valid
V181G,0.6469309426931682,valid
V156I,0.7319423005711226,valid
Q282F,0.696213632343483,valid
D422S,0.6612831525169725,valid
K5I,0.6265239682709907,valid
A52N,0.6498146454312599,valid
H155M,0.420703208835911,valid
P207V,0.7613917101820141,valid
R241F,0.4923890570838065,valid
E101Q,0.7017353604573126,valid
F350D,0.683537342778578,valid
R333E,0.6011829552469934,valid
C270G,0.640729158626466,valid
A386Q,0.7758380305420024,valid
P208D,0.6760218736350175,valid
S154A,0.6680242150935776,valid
K57L,0.537089951837099,valid
Y374E,0.66300651640527,valid
A386M,0.7133822736660163,valid
T226M,0.654538983049917,valid
K301I,0.6796331818721002,valid
P112H,0.6182318894927012,valid
S33C,0.7047541635021877,valid
D18K,0.8098912869109982,valid
N365I,0.7782176332434256,valid
W396M,0.6106633348891293,valid
P195Y,0.672778442410589,valid
L66K,0.748929082885596,valid
A52V,0.7691146631187343,valid
C88W,0.5468970492545379,valid
W76G,0.6689584711741985,valid
D18Y,0.7145105126885675,valid
T7R,0.740572634986069,valid
A77R,0.7436240109528692,valid
G145K,0.5381417189878861,valid
N245E,0.6219144443767,valid
E334R,0.6246768230427091,valid
L190R,0.5877345680996269,valid
P202V,0.6968970988147364,valid
H87F,0.7030182520131399,valid
A274S,0.6724651478142541,valid
E45K,0.73015348014993,valid
S82M,0.6815619677080769,valid
G90Q,0.63445504050119,valid
I225W,0.5996364864031498,valid
E238W,0.5441652310927756,valid
K57S,0.5940716643065523,valid
V135K,0.5705488741851905,valid
S174C,0.6997409980494915,valid
H277Y,0.7641857932528453,valid
Q28E,0.6537316081386156,valid
P208L,0.704303399595101,valid
A118S,0.7818422234371831,valid
S258I,0.5212719958322406,valid
H419R,0.7817103218153405,valid
A289I,0.7500668755962819,valid
D342G,0.6954081886470411,valid
E191M,0.7052185871355835,valid
L232F,0.7527465050595945,valid
P208R,0.6624728797259801,valid
V248R,0.7165386766522643,valid
V167R,0.5321047766429138,valid
F22A,0.7509768908702761,valid
G213I,0.7640945354069837,valid
K42Q,0.69739673622694,valid
P179S,0.7271707452787364,valid
R275G,0.5610583971490912,valid
E312D,0.7435740606277667,valid
N365W,0.7227931013287545,valid
Q282W,0.6292912755950324,valid
P208G,0.6518994536567566,valid
F287A,0.6987435944204693,valid
S284W,0.6791661456262804,valid
G408N,0.6992932033411192,valid
L196N,0.678864565419166,valid
G108N,0.6439853845906578,valid
D130R,0.7385100480884063,valid
K188T,0.8067347921302596,valid
D51M,0.6488830584519805,valid
S33M,0.7206725426797358,valid
R359N,0.7347720563932144,valid
S362F,0.7282014067578058,valid
I149R,0.4562409798287264,valid
G421I,0.5396422199752952,valid
P207W,0.6434689487866789,valid
K62E,0.7090638053874396,valid
E399K,0.6384168907144373,valid
R345H,0.6600364632960052,valid
A158W,0.5773113319392145,valid
G152V,0.7063029201471809,valid
G145L,0.4580511389384207,valid
P377G,0.6011064692529998,valid
G326Y,0.6491463956620981,valid
E261T,0.5669814013479151,valid
I95A,0.6391797452978093,valid
K57R,0.7044086843452341,valid
V135S,0.6596997752268028,valid
P417I,0.603797290583048,valid
P179H,0.6995028619575941,valid
A279N,0.7314109799374412,valid
D249S,0.7769561368650171,valid
K441S,0.6758063260489166,valid
G397C,0.4897157755625729,valid
K188P,0.6654225897639103,valid
L139R,0.6083505232712719,valid
I116A,0.7110810140317421,valid
T37Y,0.6204083651087097,valid
I53E,0.6413069060890347,valid
S100K,0.5390203193627594,valid
G318C,0.5847234546086161,valid
I20V,0.7609216941458079,valid
S406H,0.6878125935048801,valid
A71K,0.5320926597701577,valid
L164I,0.7193467124856631,valid
L235E,0.8429117422831829,valid
Q432F,0.548884583564483,valid
D446V,0.6926044212574543,valid
R206F,0.7633442354854766,valid
L74N,0.4854065185080699,valid
P12C,0.4987044050575802,valid
L431C,0.552781457400632,valid
W384A,0.5740574290817457,valid
S203W,0.6282608330105176,valid
D393C,0.5010524233931308,valid
G160K,0.4927784916795165,valid
D201Y,0.6271040953291999,valid
T210S,0.7494797015456425,valid
L240I,0.6626227448235169,valid
A71D,0.5563660040131545,valid
T233Q,0.5547244643215332,valid
F394K,0.4009369458357226,valid
T252R,0.7097740087693518,valid
A71Y,0.5120218932613858,valid
G256S,0.7798013353448695,valid
A438S,0.6952110988146605,valid
F184P,0.6301274669152598,valid
K440S,0.6447779805889764,valid
L299G,0.4710565541187275,valid
R333Y,0.6411365637589849,valid
L389V,0.7733786937338422,valid
K273T,0.6339192572430437,valid
E337I,0.638696433182699,valid
W170K,0.3616518977819378,valid
K222Y,0.6810230351927923,valid
S154K,0.5439333723318107,valid
S418R,0.6163050525243706,valid
E19A,0.7236266659143284,valid
M407F,0.7737567105071476,valid
N426T,0.7525876370408666,valid
N253Q,0.7115443643757096,valid
T385H,0.6540581493860521,valid
G421C,0.571938656894736,valid
I447A,0.6738428560177315,valid
G353C,0.6941048163281435,valid
K91A,0.7809012169309476,valid
L66Y,0.7521428503673393,valid
S44R,0.690008769630789,valid
N323C,0.6783917390593251,valid
S82R,0.778841906390487,valid
R345Q,0.6756660499450875,valid
P17K,0.6449780219672848,valid
N365M,0.7593487461219905,valid
L119R,0.5268860197757866,valid
P298S,0.6786098357078183,valid
A171T,0.6761137599200838,valid
K294M,0.6564818981763276,valid
Y39W,0.5862589646025078,valid
D186N,0.6825940061045048,valid
D356T,0.672818860230901,valid
G90H,0.6555409269756654,valid
P202S,0.7196011950579975,valid
E399V,0.623908390178756,valid
A49I,0.7216643186003744,valid
C88L,0.5843338929128421,valid
E219N,0.7320487821801904,valid
D410G,0.6725726744682916,valid
W76D,0.6673488900875268,valid
G437F,0.6605496086205527,valid
P161V,0.7472083951597546,valid
I120T,0.6498375516872159,valid
K338T,0.7175535636011839,valid
K370R,0.7548676780255885,valid
E238T,0.6964943328345489,valid
E169C,0.7051448196707338,valid
R187S,0.5581844105047712,valid
L299A,0.5762244004374223,valid
I136Q,0.6866533561889728,valid
I267W,0.4929680684858993,valid
G358S,0.7947241008859617,valid
D58M,0.6026016179154968,valid
I38K,0.4716456487925544,valid
G92E,0.573340980143917,valid
A158Y,0.6529967791193279,valid
I400G,0.6172295077778438,valid
Y257E,0.4602999062463149,valid
E191Y,0.7080693427126731,valid
K30T,0.8412966958937648,valid
V84N,0.581645331139485,valid
N426M,0.7145057817417455,valid
G256H,0.7452236499901,valid
P17M,0.5483009400711734,valid
E97R,0.5682383644907121,valid
T140F,0.4796559467292351,valid
F443Y,0.5765895165542445,valid
V65E,0.6147801765691563,valid
T3R,0.7298687760068521,valid
M402C,0.7112070408061878,valid
W76L,0.7003399288560394,valid
K330P,0.6310253582553833,valid
P17F,0.5679282685793181,valid
R310P,0.7502481414707103,valid
Y444W,0.614645902412788,valid
I53Q,0.6184990679491937,valid
F409E,0.6165669775115563,valid
G146I,0.4497835904724588,valid
I129V,0.6978402942665164,valid
G405E,0.641660152472114,valid
L74P,0.5457005716199155,valid
A78D,0.7881203275616844,valid
F439W,0.5227931717633731,valid
I53G,0.6922389132487685,valid
A6D,0.7237046912313178,valid
F303D,0.6294548251327797,valid
N75G,0.8070925929322943,valid
A78T,0.7430521453988119,valid
P355V,0.6544198126178057,valid
L151I,0.7682993868201289,valid
M407P,0.7197965196117133,valid
L230A,0.5854909554054342,valid
A118I,0.706626439237543,valid
G80M,0.6215462496138862,valid
T3D,0.6813314505588973,valid
L308N,0.67300488529661,valid
P114N,0.6419367363333333,valid
V248H,0.7240223425353977,valid
P36V,0.5983716148119339,valid
A438E,0.7206490538818204,valid
V263I,0.730086473702367,valid
K188R,0.7422153609449531,valid
Y125C,0.6310892189763654,valid
L190E,0.5174398018063742,valid
F22W,0.7911291850265614,valid
M157V,0.8284320228508545,valid
N242C,0.6954869800949711,valid
P207S,0.7146123904508772,valid
L74T,0.5384521114660958,valid
A346D,0.715908076746468,valid
D48H,0.6747558016543096,valid
R359C,0.6835445874822188,valid
L320F,0.6454864504672396,valid
S258C,0.5427911099355454,valid
S317M,0.6664859512649687,valid
P94W,0.6739216651184481,valid
E399M,0.5807454485650274,valid
R292I,0.4470082334777051,valid
I173R,0.6670272210092056,valid
Y68L,0.5740488286440901,valid
K316D,0.7577634058419456,valid
N75Q,0.7432577791799307,valid
N293E,0.724085596000519,valid
S324P,0.8034364536782374,valid
A313Y,0.6350684324705609,valid
F142G,0.3741950359077054,valid
K294E,0.592764892060946,valid
K330V,0.7122994587940705,valid
D342R,0.6675632372841358,valid
F4Q,0.668219567891752,valid
L196S,0.7255526343655558,valid
Q220I,0.7782198151278554,valid
L363N,0.6800722137371799,valid
N75H,0.7360381001294638,valid
G326F,0.653891111657663,valid
F373D,0.6653488999713221,valid
A13S,0.7661303818634303,valid
E105W,0.5706853372871032,valid
E433T,0.6958881502632456,valid
G403Y,0.5307113786426626,valid
F291T,0.7713243542181019,valid
C442G,0.6634785236758102,valid
T343W,0.6619747392700844,valid
I120S,0.6129197423230853,valid
L240Y,0.478303856249743,valid
S100C,0.7004916933934197,valid
C442I,0.8244122008862512,valid
L431Y,0.5452093581175009,valid
E261F,0.4942969985093078,valid
S258W,0.4235565770254247,valid
W430D,0.7226691646442479,valid
G90V,0.6983362669602116,valid
L164K,0.6170048231093732,valid
V336D,0.5391578275096418,valid
S284A,0.7303714567594739,valid
D186G,0.6403419906485616,valid
S329C,0.6450655797890648,valid
T126K,0.678752152473784,valid
I225R,0.6645874081830794,valid
I32K,0.7563632997827677,valid
I120G,0.5791778669883515,valid
D290W,0.4798083255835908,valid
G152H,0.6181240521496187,valid
S122Q,0.7420810514830115,valid
A328Y,0.5601978167388293,valid
E215V,0.7413574072693446,valid
H419I,0.7620025954556807,valid
T35E,0.6241287816895136,valid
W430M,0.7560178771147313,valid
Q214L,0.7812881518920681,valid
L190D,0.5145940596206928,valid
L164G,0.6259792173972265,valid
V10S,0.64013973208025,valid
Y444F,0.6738099865289908,valid
R345A,0.6351245895154491,valid
R310N,0.7422482728003819,valid
T35C,0.6696328994186874,valid
F67V,0.6026555930759554,valid
Y39N,0.5888209770789342,valid
G213W,0.6943097863644843,valid
E219Y,0.7356879818201788,valid
I9R,0.6513124773173277,valid
L205M,0.6862919612795764,valid
Y374I,0.685233041219639,valid
K412Y,0.6060133790522972,valid
S197K,0.7393684395531236,valid
N378P,0.5081631353221696,valid
L431A,0.5936652547912005,valid
R292F,0.422435215528552,valid
I95T,0.6380098739432246,valid
E238C,0.5921780428215808,valid
K223C,0.608258276869358,valid
G353Q,0.7184201035922186,valid
D342E,0.7861787293331578,valid
S284I,0.7239437946959235,valid
G423N,0.6072722345738231,valid
I132G,0.6632041005156768,valid
A25D,0.8625678236502219,valid
D27H,0.5210302656329815,valid
S122A,0.7266514002955177,valid
N306S,0.6083839082213828,valid
T233D,0.6274656526442336,valid
V137Y,0.5969412024486367,valid
V104G,0.59749157396967,valid
L164Y,0.6863132787847339,valid
S162K,0.4910139191260652,valid
E280F,0.5988554565106438,valid
I129R,0.5357651596268811,valid
P121T,0.6001843300451349,valid
F360Y,0.7044676022859543,valid
H34C,0.6072399229131404,valid
I20T,0.7773155334789649,valid
V189W,0.6257059240154387,valid
P207D,0.698150503155745,valid
P69H,0.5517960788498751,valid
P112W,0.5091883244373777,valid
G213F,0.7661352893381187,valid
L56A,0.5772432345494367,valid
S203G,0.6782878912460254,valid
F304A,0.684207103626277,valid
F303P,0.5713763662121571,valid
P17I,0.588793947132017,valid
D349A,0.6876153342057476,valid
N89L,0.619595772033675,valid
M407T,0.7479426663509843,valid
K440W,0.5442634935643796,valid
E79M,0.5856601962015971,valid
L363Q,0.6737646612339904,valid
F67I,0.59163799465018,valid
G423A,0.6109034833987047,valid
T327E,0.7833978187717242,valid
H419K,0.7854998031586305,valid
T192N,0.727752750593445,valid
P300H,0.5840799469852218,valid
K316F,0.727753746210612,valid
F304K,0.548524212516712,valid
P133M,0.5202773248545917,valid
S362H,0.7066224426466456,valid
P355F,0.6237238832526988,valid
C270F,0.6006560548710889,valid
P207T,0.7174076456667419,valid
G50P,0.7473590652243626,valid
T7D,0.6576344627388815,valid
Q117L,0.6898463851769607,valid
S319R,0.7075829519515712,valid
G405D,0.6321067397210531,valid
T413W,0.5820089220555407,valid
R359A,0.7777314684379927,valid
E219I,0.7476450191847351,valid
L164E,0.5762234966147458,valid
V104D,0.5986759770982243,valid
D51E,0.7703020566293469,valid
D159A,0.453768431675038,valid
I129G,0.5485180834691875,valid
K370Y,0.6927614110196827,valid
V2S,0.6077541415271162,valid
Y125H,0.674418887629438,valid
H266A,0.5307287207402667,valid
D446P,0.6416192615571199,valid
L363C,0.6402233780445085,valid
V137K,0.5010128246621193,valid
S272V,0.7100720725413658,valid
P377Y,0.5326772918195197,valid
Q432G,0.5986254760061783,valid
F40K,0.4371597296839019,valid
I95K,0.5319921659863214,valid
L348A,0.7234140698741551,valid
V93Q,0.4942374874349561,valid
D364T,0.775448560640719,valid
S284N,0.7264677618865637,valid
D356P,0.6800920342860295,valid
S100R,0.5417819213061561,valid
R11M,0.6740632334062598,valid
N293C,0.6457881012855007,valid
G421M,0.5458132811321131,valid
Y444L,0.6375634137855231,valid
L21V,0.7314684715330002,valid
E334K,0.6812726738404702,valid
K42C,0.629828880620761,valid
A52L,0.7474590576690582,valid
I382D,0.6587976119123101,valid
A98R,0.4097575208018297,valid
K331P,0.6095861194811087,valid
V137F,0.704284592316205,valid
I20L,0.7617243663547457,valid
L320P,0.5276863265113136,valid
A265N,0.5376971229644546,valid
H286P,0.6884307940933342,valid
S424E,0.5595020709891828,valid
K331D,0.6621367847904092,valid
L232T,0.5655670600815833,valid
G81V,0.694994283758478,valid
A265Y,0.477791530014496,valid
L348C,0.657480834067231,valid
E251I,0.7043262352399104,valid
I309K,0.6820330287892528,valid
